county_state,living_wage
"Autauga, Alabama",33357
"Baldwin, Alabama",34607
"Barbour, Alabama",30922
"Bibb, Alabama",36193
"Blount, Alabama",36193
"Bullock, Alabama",31627
"Butler, Alabama",30778
"Calhoun, Alabama",30826
"Chambers, Alabama",31659
"Cherokee, Alabama",30778
"Chilton, Alabama",32636
"Choctaw, Alabama",30778
"Clarke, Alabama",30778
"Clay, Alabama",30778
"Cleburne, Alabama",30778
"Coffee, Alabama",31467
"Colbert, Alabama",31515
"Conecuh, Alabama",30778
"Coosa, Alabama",31435
"Covington, Alabama",30778
"Crenshaw, Alabama",30778
"Cullman, Alabama",31018
"Dale, Alabama",31483
"Dallas, Alabama",30986
"DeKalb, Alabama",29801
"Elmore, Alabama",33357
"Escambia, Alabama",30778
"Etowah, Alabama",32028
"Fayette, Alabama",30778
"Franklin, Alabama",30778
"Geneva, Alabama",31803
"Greene, Alabama",30778
"Hale, Alabama",34174
"Henry, Alabama",30986
"Houston, Alabama",31803
"Jackson, Alabama",30458
"Jefferson, Alabama",36193
"Lamar, Alabama",30778
"Lauderdale, Alabama",31515
"Lawrence, Alabama",31259
"Lee, Alabama",32556
"Limestone, Alabama",32540
"Lowndes, Alabama",33357
"Macon, Alabama",31130
"Madison, Alabama",32540
"Marengo, Alabama",30778
"Marion, Alabama",30778
"Marshall, Alabama",31163
"Mobile, Alabama",33389
"Monroe, Alabama",30778
"Montgomery, Alabama",33357
"Morgan, Alabama",31259
"Perry, Alabama",30778
"Pickens, Alabama",30954
"Pike, Alabama",31275
"Randolph, Alabama",30778
"Russell, Alabama",33421
"Shelby, Alabama",36193
"St. Clair, Alabama",36193
"Sumter, Alabama",32476
"Talladega, Alabama",31275
"Tallapoosa, Alabama",30810
"Tuscaloosa, Alabama",34174
"Walker, Alabama",31851
"Washington, Alabama",30938
"Wilcox, Alabama",30778
"Winston, Alabama",30778
"Apache, Arizona",31350
"Cochise, Arizona",33375
"Coconino, Arizona",39074
"Gila, Arizona",34317
"Graham, Arizona",34302
"Greenlee, Arizona",30974
"La Paz, Arizona",33061
"Maricopa, Arizona",37614
"Mohave, Arizona",33093
"Navajo, Arizona",32182
"Pima, Arizona",32904
"Pinal, Arizona",37614
"Santa Cruz, Arizona",31711
"Yavapai, Arizona",33925
"Yuma, Arizona",33407
"Arkansas, Arkansas",31298
"Ashley, Arkansas",30860
"Baxter, Arkansas",31281
"Benton, Arkansas",32480
"Boone, Arkansas",30860
"Bradley, Arkansas",30860
"Calhoun, Arkansas",31816
"Carroll, Arkansas",30180
"Chicot, Arkansas",30860
"Clark, Arkansas",30261
"Clay, Arkansas",31087
"Cleburne, Arkansas",31427
"Cleveland, Arkansas",31881
"Columbia, Arkansas",31087
"Conway, Arkansas",30828
"Craighead, Arkansas",31767
"Crawford, Arkansas",32027
"Crittenden, Arkansas",34214
"Cross, Arkansas",31557
"Dallas, Arkansas",30860
"Desha, Arkansas",30860
"Drew, Arkansas",30860
"Faulkner, Arkansas",34473
"Franklin, Arkansas",30893
"Fulton, Arkansas",30860
"Garland, Arkansas",32318
"Grant, Arkansas",33128
"Greene, Arkansas",31330
"Hempstead, Arkansas",31184
"Hot Spring, Arkansas",31038
"Howard, Arkansas",30779
"Independence, Arkansas",30974
"Izard, Arkansas",30083
"Jackson, Arkansas",31136
"Jefferson, Arkansas",31881
"Johnson, Arkansas",31071
"Lafayette, Arkansas",30860
"Lawrence, Arkansas",30860
"Lee, Arkansas",30860
"Lincoln, Arkansas",31881
"Little River, Arkansas",31087
"Logan, Arkansas",30083
"Lonoke, Arkansas",34473
"Madison, Arkansas",32480
"Marion, Arkansas",30083
"Miller, Arkansas",33582
"Mississippi, Arkansas",30650
"Monroe, Arkansas",30860
"Montgomery, Arkansas",30860
"Nevada, Arkansas",32480
"Newton, Arkansas",30860
"Ouachita, Arkansas",32027
"Perry, Arkansas",34473
"Phillips, Arkansas",30083
"Pike, Arkansas",32189
"Poinsett, Arkansas",31087
"Polk, Arkansas",30083
"Pope, Arkansas",30990
"Prairie, Arkansas",30860
"Pulaski, Arkansas",34473
"Randolph, Arkansas",31087
"Saline, Arkansas",34473
"Scott, Arkansas",30860
"Searcy, Arkansas",30860
"Sebastian, Arkansas",32027
"Sevier, Arkansas",30860
"Sharp, Arkansas",30083
"St. Francis, Arkansas",31087
"Stone, Arkansas",30860
"Union, Arkansas",32415
"Van Buren, Arkansas",31395
"Washington, Arkansas",32480
"White, Arkansas",30585
"Woodruff, Arkansas",30860
"Yell, Arkansas",30893
"Alameda, California",50463
"Alpine, California",34204
"Amador, California",37605
"Butte, California",36713
"Calaveras, California",34124
"Colusa, California",33112
"Contra Costa, California",50463
"Del Norte, California",33476
"El Dorado, California",40524
"Fresno, California",36226
"Glenn, California",32684
"Humboldt, California",34488
"Imperial, California",33966
"Inyo, California",36485
"Kern, California",34378
"Kings, California",37832
"Lake, California",33950
"Lassen, California",32779
"Los Angeles, California",45536
"Madera, California",37524
"Marin, California",64090
"Mariposa, California",34568
"Mendocino, California",38059
"Merced, California",34219
"Modoc, California",31403
"Mono, California",37524
"Monterey, California",45196
"Napa, California",44920
"Nevada, California",37670
"Orange, California",51843
"Placer, California",40524
"Plumas, California",32542
"Riverside, California",38821
"Sacramento, California",40524
"San Benito, California",42795
"San Bernardino, California",38821
"San Diego, California",47304
"San Francisco, California",64090
"San Joaquin, California",37037
"San Luis Obispo, California",42244
"San Mateo, California",64090
"Santa Barbara, California",52675
"Santa Clara, California",60993
"Santa Cruz, California",57084
"Shasta, California",36372
"Sierra, California",36907
"Siskiyou, California",33222
"Solano, California",42633
"Sonoma, California",45066
"Stanislaus, California",37767
"Sutter, California",37524
"Tehama, California",33713
"Trinity, California",32051
"Tulare, California",34204
"Tuolumne, California",34251
"Ventura, California",43914
"Yolo, California",40930
"Yuba, California",37524
"Adams, Colorado",42241
"Alamosa, Colorado",33782
"Arapahoe, Colorado",42241
"Archuleta, Colorado",35869
"Baca, Colorado",33336
"Bent, Colorado",33845
"Boulder, Colorado",43834
"Broomfield, Colorado",42241
"Chaffee, Colorado",33033
"Cheyenne, Colorado",32268
"Clear Creek, Colorado",42241
"Conejos, Colorado",32969
"Costilla, Colorado",33479
"Crowley, Colorado",34275
"Custer, Colorado",33845
"Delta, Colorado",35231
"Denver, Colorado",42241
"Dolores, Colorado",33176
"Douglas, Colorado",42241
"Eagle, Colorado",41492
"Elbert, Colorado",42241
"El Paso, Colorado",36155
"Fremont, Colorado",34212
"Garfield, Colorado",38545
"Gilpin, Colorado",42241
"Grand, Colorado",35486
"Gunnison, Colorado",36522
"Hinsdale, Colorado",33065
"Huerfano, Colorado",34068
"Jackson, Colorado",36139
"Jefferson, Colorado",42241
"Kiowa, Colorado",33288
"Kit Carson, Colorado",33798
"Lake, Colorado",35343
"La Plata, Colorado",38832
"Larimer, Colorado",39453
"Las Animas, Colorado",32427
"Lincoln, Colorado",33813
"Logan, Colorado",34339
"Mesa, Colorado",34196
"Mineral, Colorado",36139
"Moffat, Colorado",33973
"Montezuma, Colorado",34355
"Montrose, Colorado",34307
"Morgan, Colorado",33128
"Otero, Colorado",33447
"Ouray, Colorado",39772
"Park, Colorado",42241
"Phillips, Colorado",33176
"Pitkin, Colorado",41445
"Prowers, Colorado",33383
"Pueblo, Colorado",33511
"Rio Blanco, Colorado",34275
"Rio Grande, Colorado",33112
"Routt, Colorado",40218
"Saguache, Colorado",32603
"San Juan, Colorado",36139
"San Miguel, Colorado",39135
"Sedgwick, Colorado",33415
"Summit, Colorado",42576
"Teller, Colorado",35582
"Washington, Colorado",34594
"Weld, Colorado",36633
"Yuma, Colorado",33479
"Fairfield, Connecticut",42298
"Hartford, Connecticut",38348
"Litchfield, Connecticut",37019
"Middlesex, Connecticut",39085
"New Haven, Connecticut",39591
"New London, Connecticut",37138
"Tolland, Connecticut",38348
"Windham, Connecticut",37179
"Kent, Delaware",37586
"New Castle, Delaware",37940
"Sussex, Delaware",33763
"Alachua, Florida",34069
"Baker, Florida",29920
"Bay, Florida",34824
"Bradford, Florida",31535
"Brevard, Florida",33375
"Broward, Florida",37902
"Calhoun, Florida",31414
"Charlotte, Florida",33979
"Citrus, Florida",31866
"Clay, Florida",33179
"Collier, Florida",36227
"Columbia, Florida",31489
"DeSoto, Florida",31308
"Dixie, Florida",31414
"Duval, Florida",33179
"Escambia, Florida",33632
"Flagler, Florida",33300
"Franklin, Florida",31655
"Gadsden, Florida",33662
"Gilchrist, Florida",34069
"Glades, Florida",32078
"Gulf, Florida",33375
"Hamilton, Florida",30267
"Hardee, Florida",30448
"Hendry, Florida",31414
"Hernando, Florida",36846
"Highlands, Florida",30599
"Hillsborough, Florida",36846
"Holmes, Florida",30267
"Indian River, Florida",32470
"Jackson, Florida",29226
"Jefferson, Florida",33662
"Lafayette, Florida",32274
"Lake, Florida",37842
"Lee, Florida",35971
"Leon, Florida",33662
"Levy, Florida",30267
"Liberty, Florida",31414
"Madison, Florida",31414
"Manatee, Florida",34613
"Marion, Florida",32364
"Martin, Florida",35895
"Miami-Dade, Florida",37872
"Monroe, Florida",41554
"Nassau, Florida",33179
"Okaloosa, Florida",36665
"Okeechobee, Florida",31655
"Orange, Florida",37842
"Osceola, Florida",37842
"Palm Beach, Florida",36755
"Pasco, Florida",36846
"Pinellas, Florida",36846
"Polk, Florida",33903
"Putnam, Florida",31323
"Santa Rosa, Florida",33632
"Sarasota, Florida",34613
"Seminole, Florida",37842
"St. Johns, Florida",33179
"St. Lucie, Florida",35895
"Sumter, Florida",32727
"Suwannee, Florida",31414
"Taylor, Florida",31414
"Union, Florida",31414
"Volusia, Florida",32379
"Wakulla, Florida",32153
"Walton, Florida",33873
"Washington, Florida",30267
"Appling, Georgia",31332
"Atkinson, Georgia",31025
"Bacon, Georgia",31979
"Baker, Georgia",33224
"Baldwin, Georgia",32803
"Banks, Georgia",32609
"Barrow, Georgia",39562
"Bartow, Georgia",39562
"Ben Hill, Georgia",31979
"Berrien, Georgia",31122
"Bibb, Georgia",31574
"Bleckley, Georgia",31332
"Brantley, Georgia",34129
"Brooks, Georgia",32642
"Bryan, Georgia",37315
"Bulloch, Georgia",32803
"Burke, Georgia",33418
"Butts, Georgia",33693
"Calhoun, Georgia",31025
"Camden, Georgia",34113
"Candler, Georgia",31332
"Carroll, Georgia",39562
"Catoosa, Georgia",33418
"Charlton, Georgia",31979
"Chatham, Georgia",37315
"Chattahoochee, Georgia",33547
"Chattooga, Georgia",31025
"Cherokee, Georgia",39562
"Clarke, Georgia",33854
"Clay, Georgia",31332
"Clayton, Georgia",39562
"Clinch, Georgia",31332
"Cobb, Georgia",39562
"Coffee, Georgia",31979
"Colquitt, Georgia",31461
"Columbia, Georgia",33418
"Cook, Georgia",31591
"Coweta, Georgia",39562
"Crawford, Georgia",31574
"Crisp, Georgia",31979
"Dade, Georgia",33418
"Dawson, Georgia",39562
"Decatur, Georgia",31283
"DeKalb, Georgia",39562
"Dodge, Georgia",31025
"Dooly, Georgia",31979
"Dougherty, Georgia",33224
"Douglas, Georgia",39562
"Early, Georgia",30976
"Echols, Georgia",32642
"Effingham, Georgia",37315
"Elbert, Georgia",31025
"Emanuel, Georgia",31025
"Evans, Georgia",31025
"Fannin, Georgia",32593
"Fayette, Georgia",39562
"Floyd, Georgia",33208
"Forsyth, Georgia",39562
"Franklin, Georgia",30054
"Fulton, Georgia",39562
"Gilmer, Georgia",32205
"Glascock, Georgia",31979
"Glynn, Georgia",34129
"Gordon, Georgia",31752
"Grady, Georgia",31316
"Greene, Georgia",31849
"Gwinnett, Georgia",39562
"Habersham, Georgia",30443
"Hall, Georgia",35439
"Hancock, Georgia",31332
"Haralson, Georgia",33693
"Harris, Georgia",33547
"Hart, Georgia",31639
"Heard, Georgia",39562
"Henry, Georgia",39562
"Houston, Georgia",34776
"Irwin, Georgia",31332
"Jackson, Georgia",32431
"Jasper, Georgia",39562
"Jeff Davis, Georgia",31332
"Jefferson, Georgia",31025
"Jenkins, Georgia",31332
"Johnson, Georgia",31979
"Jones, Georgia",31574
"Lamar, Georgia",33434
"Lanier, Georgia",32642
"Laurens, Georgia",31639
"Lee, Georgia",33224
"Liberty, Georgia",36118
"Lincoln, Georgia",31671
"Long, Georgia",32545
"Lowndes, Georgia",32642
"Lumpkin, Georgia",33418
"Macon, Georgia",31477
"Madison, Georgia",33854
"Marion, Georgia",33547
"McDuffie, Georgia",33418
"McIntosh, Georgia",34129
"Meriwether, Georgia",32916
"Miller, Georgia",32819
"Mitchell, Georgia",31979
"Monroe, Georgia",31106
"Montgomery, Georgia",31979
"Morgan, Georgia",34550
"Murray, Georgia",31526
"Muscogee, Georgia",33547
"Newton, Georgia",39562
"Oconee, Georgia",33854
"Oglethorpe, Georgia",33854
"Paulding, Georgia",39562
"Peach, Georgia",30960
"Pickens, Georgia",39562
"Pierce, Georgia",31914
"Pike, Georgia",39562
"Polk, Georgia",31898
"Pulaski, Georgia",31380
"Putnam, Georgia",33628
"Quitman, Georgia",31332
"Rabun, Georgia",31542
"Randolph, Georgia",31025
"Richmond, Georgia",33418
"Rockdale, Georgia",39562
"Schley, Georgia",31025
"Screven, Georgia",31025
"Seminole, Georgia",30928
"Spalding, Georgia",39562
"Stephens, Georgia",31025
"Stewart, Georgia",31025
"Sumter, Georgia",31671
"Talbot, Georgia",31413
"Taliaferro, Georgia",31332
"Tattnall, Georgia",31979
"Taylor, Georgia",30054
"Telfair, Georgia",30054
"Terrell, Georgia",33224
"Thomas, Georgia",32739
"Tift, Georgia",31332
"Toombs, Georgia",31025
"Towns, Georgia",32561
"Treutlen, Georgia",31332
"Troup, Georgia",32819
"Turner, Georgia",31332
"Twiggs, Georgia",31574
"Union, Georgia",31332
"Upson, Georgia",30297
"Walker, Georgia",33418
"Walton, Georgia",39562
"Ware, Georgia",31089
"Warren, Georgia",31025
"Washington, Georgia",31979
"Wayne, Georgia",31025
"Webster, Georgia",31332
"Wheeler, Georgia",31332
"White, Georgia",32528
"Whitfield, Georgia",31720
"Wilcox, Georgia",31332
"Wilkes, Georgia",31348
"Wilkinson, Georgia",31057
"Worth, Georgia",33224
"Hawaii, Hawaii",39486
"Honolulu, Hawaii",47195
"Kalawao, Hawaii",45334
"Kauai, Hawaii",44238
"Maui, Hawaii",45334
"Ada, Idaho",34508
"Adams, Idaho",32452
"Bannock, Idaho",31783
"Bear Lake, Idaho",32387
"Benewah, Idaho",32272
"Bingham, Idaho",32615
"Blaine, Idaho",34835
"Boise, Idaho",34508
"Bonner, Idaho",33839
"Bonneville, Idaho",32142
"Boundary, Idaho",32387
"Butte, Idaho",31864
"Camas, Idaho",32452
"Canyon, Idaho",34508
"Caribou, Idaho",32387
"Cassia, Idaho",32533
"Clark, Idaho",33105
"Clearwater, Idaho",33203
"Custer, Idaho",32729
"Elmore, Idaho",33415
"Franklin, Idaho",31783
"Fremont, Idaho",32664
"Gem, Idaho",33382
"Gooding, Idaho",32664
"Idaho, Idaho",32925
"Jefferson, Idaho",32142
"Jerome, Idaho",32615
"Kootenai, Idaho",34443
"Latah, Idaho",32027
"Lemhi, Idaho",33186
"Lewis, Idaho",32452
"Lincoln, Idaho",33627
"Madison, Idaho",34557
"Minidoka, Idaho",32452
"Nez Perce, Idaho",32892
"Oneida, Idaho",33823
"Owyhee, Idaho",34508
"Payette, Idaho",33203
"Power, Idaho",33382
"Shoshone, Idaho",32697
"Teton, Idaho",34965
"Twin Falls, Idaho",32550
"Valley, Idaho",33186
"Washington, Idaho",31391
"Adams, Illinois",32902
"Alexander, Illinois",32518
"Bond, Illinois",33222
"Boone, Illinois",32358
"Brown, Illinois",33703
"Bureau, Illinois",31733
"Calhoun, Illinois",34663
"Carroll, Illinois",31541
"Cass, Illinois",31541
"Champaign, Illinois",35672
"Christian, Illinois",32054
"Clark, Illinois",31813
"Clay, Illinois",31541
"Clinton, Illinois",34663
"Coles, Illinois",31637
"Cook, Illinois",40123
"Crawford, Illinois",31541
"Cumberland, Illinois",31541
"DeKalb, Illinois",35208
"De Witt, Illinois",32006
"Douglas, Illinois",32806
"DuPage, Illinois",40123
"Edgar, Illinois",31541
"Edwards, Illinois",31541
"Effingham, Illinois",32534
"Fayette, Illinois",31893
"Ford, Illinois",35672
"Franklin, Illinois",31509
"Fulton, Illinois",32934
"Gallatin, Illinois",31541
"Greene, Illinois",31541
"Grundy, Illinois",38121
"Hamilton, Illinois",31541
"Hancock, Illinois",31541
"Hardin, Illinois",31541
"Henderson, Illinois",31493
"Henry, Illinois",32198
"Iroquois, Illinois",32374
"Jackson, Illinois",31925
"Jasper, Illinois",31541
"Jefferson, Illinois",31958
"Jersey, Illinois",34663
"Jo Daviess, Illinois",32422
"Johnson, Illinois",31317
"Kane, Illinois",40123
"Kankakee, Illinois",34167
"Kendall, Illinois",39402
"Knox, Illinois",31317
"Lake, Illinois",40123
"La Salle, Illinois",32966
"Lawrence, Illinois",31541
"Lee, Illinois",31765
"Livingston, Illinois",31605
"Logan, Illinois",31637
"Macon, Illinois",32070
"Macoupin, Illinois",32502
"Madison, Illinois",34663
"Marion, Illinois",31317
"Marshall, Illinois",34023
"Mason, Illinois",31557
"Massac, Illinois",32358
"McDonough, Illinois",33078
"McHenry, Illinois",40123
"McLean, Illinois",33575
"Menard, Illinois",33142
"Mercer, Illinois",32198
"Monroe, Illinois",34663
"Montgomery, Illinois",32438
"Morgan, Illinois",31541
"Moultrie, Illinois",32230
"Ogle, Illinois",32614
"Peoria, Illinois",34023
"Perry, Illinois",31541
"Piatt, Illinois",35672
"Pike, Illinois",32374
"Pope, Illinois",31541
"Pulaski, Illinois",33526
"Putnam, Illinois",31797
"Randolph, Illinois",31349
"Richland, Illinois",33286
"Rock Island, Illinois",32198
"Saline, Illinois",31541
"Sangamon, Illinois",33142
"Schuyler, Illinois",31541
"Scott, Illinois",31541
"Shelby, Illinois",31541
"Stark, Illinois",34023
"St. Clair, Illinois",34663
"Stephenson, Illinois",31685
"Tazewell, Illinois",34023
"Union, Illinois",31317
"Vermilion, Illinois",32310
"Wabash, Illinois",31813
"Warren, Illinois",31317
"Washington, Illinois",33110
"Wayne, Illinois",31541
"White, Illinois",31317
"Whiteside, Illinois",31845
"Will, Illinois",40123
"Williamson, Illinois",33110
"Winnebago, Illinois",32358
"Woodford, Illinois",34023
"Adams, Indiana",31411
"Allen, Indiana",31630
"Bartholomew, Indiana",35299
"Benton, Indiana",33621
"Blackford, Indiana",31411
"Boone, Indiana",34013
"Brown, Indiana",34013
"Carroll, Indiana",32022
"Cass, Indiana",32007
"Clark, Indiana",33559
"Clay, Indiana",31944
"Clinton, Indiana",31474
"Crawford, Indiana",31411
"Daviess, Indiana",31693
"Dearborn, Indiana",32853
"Decatur, Indiana",32759
"DeKalb, Indiana",31646
"Delaware, Indiana",32195
"Dubois, Indiana",31411
"Elkhart, Indiana",31928
"Fayette, Indiana",31568
"Floyd, Indiana",33559
"Fountain, Indiana",31411
"Franklin, Indiana",31207
"Fulton, Indiana",31411
"Gibson, Indiana",32900
"Grant, Indiana",32383
"Greene, Indiana",31286
"Hamilton, Indiana",34013
"Hancock, Indiana",34013
"Harrison, Indiana",33559
"Hendricks, Indiana",34013
"Henry, Indiana",31066
"Howard, Indiana",32414
"Huntington, Indiana",31192
"Jackson, Indiana",32148
"Jasper, Indiana",34045
"Jay, Indiana",31411
"Jefferson, Indiana",32932
"Jennings, Indiana",32305
"Johnson, Indiana",34013
"Knox, Indiana",32587
"Kosciusko, Indiana",32305
"LaGrange, Indiana",31411
"Lake, Indiana",32932
"LaPorte, Indiana",31301
"Lawrence, Indiana",31333
"Madison, Indiana",32132
"Marion, Indiana",34013
"Marshall, Indiana",31411
"Martin, Indiana",31411
"Miami, Indiana",31411
"Monroe, Indiana",34060
"Montgomery, Indiana",31333
"Morgan, Indiana",34013
"Newton, Indiana",32932
"Noble, Indiana",31803
"Ohio, Indiana",32853
"Orange, Indiana",31411
"Owen, Indiana",32446
"Parke, Indiana",31881
"Perry, Indiana",31411
"Pike, Indiana",31411
"Porter, Indiana",32932
"Posey, Indiana",32744
"Pulaski, Indiana",31411
"Putnam, Indiana",32352
"Randolph, Indiana",31411
"Ripley, Indiana",31113
"Rush, Indiana",31254
"Scott, Indiana",32791
"Shelby, Indiana",34013
"Spencer, Indiana",30956
"Starke, Indiana",31411
"Steuben, Indiana",32697
"St. Joseph, Indiana",33041
"Sullivan, Indiana",31928
"Switzerland, Indiana",30956
"Tippecanoe, Indiana",33621
"Tipton, Indiana",32446
"Union, Indiana",31144
"Vanderburgh, Indiana",32744
"Vermillion, Indiana",31944
"Vigo, Indiana",31944
"Wabash, Indiana",31536
"Warren, Indiana",31411
"Warrick, Indiana",32744
"Washington, Indiana",31489
"Wayne, Indiana",30956
"Wells, Indiana",31630
"White, Indiana",31630
"Whitley, Indiana",31630
"Adair, Iowa",32700
"Adams, Iowa",32895
"Allamakee, Iowa",32700
"Appanoose, Iowa",32700
"Audubon, Iowa",32700
"Benton, Iowa",31938
"Black Hawk, Iowa",34007
"Boone, Iowa",33681
"Bremer, Iowa",33041
"Buchanan, Iowa",32554
"Buena Vista, Iowa",31938
"Butler, Iowa",32700
"Calhoun, Iowa",32700
"Carroll, Iowa",32700
"Cass, Iowa",32700
"Cedar, Iowa",33730
"Cerro Gordo, Iowa",32570
"Cherokee, Iowa",32700
"Chickasaw, Iowa",32700
"Clarke, Iowa",33511
"Clay, Iowa",32781
"Clayton, Iowa",31954
"Clinton, Iowa",32846
"Crawford, Iowa",32700
"Dallas, Iowa",34267
"Davis, Iowa",32700
"Decatur, Iowa",32878
"Delaware, Iowa",32700
"Des Moines, Iowa",33478
"Dickinson, Iowa",33746
"Dubuque, Iowa",32911
"Emmet, Iowa",32700
"Fayette, Iowa",31938
"Floyd, Iowa",32700
"Franklin, Iowa",32700
"Fremont, Iowa",32700
"Greene, Iowa",32700
"Grundy, Iowa",34007
"Guthrie, Iowa",34267
"Hamilton, Iowa",33154
"Hancock, Iowa",32700
"Hardin, Iowa",32700
"Harrison, Iowa",35683
"Henry, Iowa",33203
"Howard, Iowa",32700
"Humboldt, Iowa",32700
"Ida, Iowa",32700
"Iowa, Iowa",32700
"Jackson, Iowa",32700
"Jasper, Iowa",33332
"Jefferson, Iowa",33138
"Johnson, Iowa",36333
"Jones, Iowa",31938
"Keokuk, Iowa",32700
"Kossuth, Iowa",33024
"Lee, Iowa",31971
"Linn, Iowa",32781
"Louisa, Iowa",31987
"Lucas, Iowa",34267
"Lyon, Iowa",32700
"Madison, Iowa",34267
"Mahaska, Iowa",33332
"Marion, Iowa",32895
"Marshall, Iowa",32959
"Mills, Iowa",35683
"Mitchell, Iowa",32700
"Monona, Iowa",33024
"Monroe, Iowa",33122
"Montgomery, Iowa",32700
"Muscatine, Iowa",34169
"O&#39;Brien, Iowa",32700
"Osceola, Iowa",32700
"Page, Iowa",32700
"Palo Alto, Iowa",32700
"Plymouth, Iowa",31938
"Pocahontas, Iowa",32700
"Polk, Iowa",34267
"Pottawattamie, Iowa",35683
"Poweshiek, Iowa",33284
"Ringgold, Iowa",32700
"Sac, Iowa",32700
"Scott, Iowa",32668
"Shelby, Iowa",32700
"Sioux, Iowa",32700
"Story, Iowa",36561
"Tama, Iowa",32116
"Taylor, Iowa",31938
"Union, Iowa",34234
"Van Buren, Iowa",32700
"Wapello, Iowa",33413
"Warren, Iowa",34267
"Washington, Iowa",33877
"Wayne, Iowa",32700
"Webster, Iowa",33024
"Winnebago, Iowa",32700
"Winneshiek, Iowa",32700
"Woodbury, Iowa",33186
"Worth, Iowa",32700
"Wright, Iowa",32700
"Allen, Kansas",32735
"Anderson, Kansas",32768
"Atchison, Kansas",32768
"Barber, Kansas",32768
"Barton, Kansas",32735
"Bourbon, Kansas",32735
"Brown, Kansas",32768
"Butler, Kansas",33091
"Chase, Kansas",32768
"Chautauqua, Kansas",32768
"Cherokee, Kansas",32832
"Cheyenne, Kansas",32768
"Clark, Kansas",34012
"Clay, Kansas",33123
"Cloud, Kansas",32768
"Coffey, Kansas",32768
"Comanche, Kansas",32768
"Cowley, Kansas",32784
"Crawford, Kansas",33010
"Decatur, Kansas",32768
"Dickinson, Kansas",32735
"Doniphan, Kansas",32703
"Douglas, Kansas",35499
"Edwards, Kansas",32768
"Elk, Kansas",32768
"Ellis, Kansas",33026
"Ellsworth, Kansas",32768
"Finney, Kansas",33786
"Ford, Kansas",33592
"Franklin, Kansas",32962
"Geary, Kansas",35030
"Gove, Kansas",32768
"Graham, Kansas",32768
"Grant, Kansas",32768
"Gray, Kansas",32768
"Greeley, Kansas",32768
"Greenwood, Kansas",32768
"Hamilton, Kansas",32768
"Harper, Kansas",32768
"Harvey, Kansas",33091
"Haskell, Kansas",32768
"Hodgeman, Kansas",32768
"Jackson, Kansas",33754
"Jefferson, Kansas",33754
"Jewell, Kansas",32768
"Johnson, Kansas",35806
"Kearny, Kansas",32768
"Kingman, Kansas",31653
"Kiowa, Kansas",32768
"Labette, Kansas",31653
"Lane, Kansas",32768
"Leavenworth, Kansas",35806
"Lincoln, Kansas",32768
"Linn, Kansas",35806
"Logan, Kansas",32768
"Lyon, Kansas",31653
"Marion, Kansas",32768
"Marshall, Kansas",32768
"McPherson, Kansas",33091
"Meade, Kansas",32768
"Miami, Kansas",35806
"Mitchell, Kansas",32768
"Montgomery, Kansas",32735
"Morris, Kansas",32768
"Morton, Kansas",32768
"Nemaha, Kansas",31653
"Neosho, Kansas",32897
"Ness, Kansas",32768
"Norton, Kansas",32768
"Osage, Kansas",33754
"Osborne, Kansas",32768
"Ottawa, Kansas",33059
"Pawnee, Kansas",32768
"Phillips, Kansas",33931
"Pottawatomie, Kansas",35547
"Pratt, Kansas",32929
"Rawlins, Kansas",32768
"Reno, Kansas",32348
"Republic, Kansas",32768
"Rice, Kansas",32768
"Riley, Kansas",35547
"Rooks, Kansas",32768
"Rush, Kansas",32768
"Russell, Kansas",32768
"Saline, Kansas",32816
"Scott, Kansas",32768
"Sedgwick, Kansas",33091
"Seward, Kansas",33576
"Shawnee, Kansas",33754
"Sheridan, Kansas",32768
"Sherman, Kansas",33576
"Smith, Kansas",32768
"Stafford, Kansas",32768
"Stanton, Kansas",32832
"Stevens, Kansas",32881
"Sumner, Kansas",32089
"Thomas, Kansas",32768
"Trego, Kansas",32768
"Wabaunsee, Kansas",33754
"Wallace, Kansas",32768
"Washington, Kansas",32768
"Wichita, Kansas",32768
"Wilson, Kansas",32768
"Woodson, Kansas",32768
"Wyandotte, Kansas",35806
"Adair, Kentucky",30936
"Allen, Kentucky",31257
"Anderson, Kentucky",31513
"Ballard, Kentucky",30904
"Barren, Kentucky",30840
"Bath, Kentucky",30696
"Bell, Kentucky",30536
"Boone, Kentucky",32602
"Bourbon, Kentucky",33019
"Boyd, Kentucky",31785
"Boyle, Kentucky",31433
"Bracken, Kentucky",32602
"Breathitt, Kentucky",30536
"Breckinridge, Kentucky",31801
"Bullitt, Kentucky",33323
"Butler, Kentucky",30936
"Caldwell, Kentucky",30536
"Calloway, Kentucky",31545
"Campbell, Kentucky",32602
"Carlisle, Kentucky",30536
"Carroll, Kentucky",30536
"Carter, Kentucky",30536
"Casey, Kentucky",30536
"Christian, Kentucky",32154
"Clark, Kentucky",33019
"Clay, Kentucky",32025
"Clinton, Kentucky",30536
"Crittenden, Kentucky",30536
"Cumberland, Kentucky",29927
"Daviess, Kentucky",32506
"Edmonson, Kentucky",33435
"Elliott, Kentucky",30536
"Estill, Kentucky",30536
"Fayette, Kentucky",33019
"Fleming, Kentucky",30536
"Floyd, Kentucky",30536
"Franklin, Kentucky",31417
"Fulton, Kentucky",30536
"Gallatin, Kentucky",32602
"Garrard, Kentucky",31112
"Grant, Kentucky",33163
"Graves, Kentucky",30536
"Grayson, Kentucky",31641
"Green, Kentucky",30536
"Greenup, Kentucky",31785
"Hancock, Kentucky",32506
"Hardin, Kentucky",33147
"Harlan, Kentucky",29927
"Harrison, Kentucky",30536
"Hart, Kentucky",30936
"Henderson, Kentucky",32490
"Henry, Kentucky",33323
"Hickman, Kentucky",30536
"Hopkins, Kentucky",31305
"Jackson, Kentucky",30536
"Jefferson, Kentucky",33323
"Jessamine, Kentucky",33019
"Johnson, Kentucky",30536
"Kenton, Kentucky",32602
"Knott, Kentucky",30536
"Knox, Kentucky",30536
"Larue, Kentucky",33147
"Laurel, Kentucky",31657
"Lawrence, Kentucky",30536
"Lee, Kentucky",30536
"Leslie, Kentucky",30536
"Letcher, Kentucky",30536
"Lewis, Kentucky",30536
"Lincoln, Kentucky",30536
"Livingston, Kentucky",30712
"Logan, Kentucky",30616
"Lyon, Kentucky",30536
"Madison, Kentucky",31433
"Magoffin, Kentucky",30536
"Marion, Kentucky",30792
"Marshall, Kentucky",33099
"Martin, Kentucky",30744
"Mason, Kentucky",30840
"McCracken, Kentucky",32170
"McCreary, Kentucky",30536
"McLean, Kentucky",32506
"Meade, Kentucky",31913
"Menifee, Kentucky",30536
"Mercer, Kentucky",30744
"Metcalfe, Kentucky",30536
"Monroe, Kentucky",30536
"Montgomery, Kentucky",31241
"Morgan, Kentucky",30536
"Muhlenberg, Kentucky",30536
"Nelson, Kentucky",31257
"Nicholas, Kentucky",30536
"Ohio, Kentucky",30536
"Oldham, Kentucky",33323
"Owen, Kentucky",30536
"Owsley, Kentucky",30536
"Pendleton, Kentucky",32602
"Perry, Kentucky",30536
"Pike, Kentucky",31993
"Powell, Kentucky",32074
"Pulaski, Kentucky",30295
"Robertson, Kentucky",30536
"Rockcastle, Kentucky",30936
"Rowan, Kentucky",31112
"Russell, Kentucky",31417
"Scott, Kentucky",33019
"Shelby, Kentucky",32730
"Simpson, Kentucky",31641
"Spencer, Kentucky",33323
"Taylor, Kentucky",31273
"Todd, Kentucky",30536
"Trigg, Kentucky",32154
"Trimble, Kentucky",33323
"Union, Kentucky",30536
"Warren, Kentucky",33435
"Washington, Kentucky",30664
"Wayne, Kentucky",29991
"Webster, Kentucky",30536
"Whitley, Kentucky",30536
"Wolfe, Kentucky",30536
"Woodford, Kentucky",33019
"Androscoggin, Maine",35609
"Aroostook, Maine",32449
"Cumberland, Maine",41086
"Franklin, Maine",33382
"Hancock, Maine",36608
"Kennebec, Maine",35462
"Knox, Maine",37017
"Lincoln, Maine",37443
"Oxford, Maine",34741
"Penobscot, Maine",34522
"Piscataquis, Maine",32318
"Sagadahoc, Maine",36133
"Somerset, Maine",33022
"Waldo, Maine",38081
"Washington, Maine",34201
"York, Maine",40293
"Allegany, Maryland",30911
"Anne Arundel, Maryland",37586
"Baltimore, Maryland",37586
"Calvert, Maryland",47105
"Caroline, Maryland",33754
"Carroll, Maryland",37586
"Cecil, Maryland",37315
"Charles, Maryland",47105
"Dorchester, Maryland",34887
"Frederick, Maryland",47105
"Garrett, Maryland",30671
"Harford, Maryland",37586
"Howard, Maryland",37586
"Kent, Maryland",35095
"Montgomery, Maryland",47105
"Prince George&#39;s, Maryland",47105
"Queen Anne&#39;s, Maryland",37586
"Somerset, Maryland",32045
"St. Mary&#39;s, Maryland",37171
"Talbot, Maryland",35846
"Washington, Maryland",32156
"Wicomico, Maryland",34536
"Worcester, Maryland",34887
"Barnstable, Massachusetts",41498
"Berkshire, Massachusetts",36982
"Bristol, Massachusetts",37679
"Dukes, Massachusetts",49492
"Essex, Massachusetts",48212
"Franklin, Massachusetts",38070
"Hampden, Massachusetts",35811
"Hampshire, Massachusetts",35811
"Middlesex, Massachusetts",49781
"Nantucket, Massachusetts",45263
"Norfolk, Massachusetts",51375
"Plymouth, Massachusetts",45860
"Suffolk, Massachusetts",51783
"Worcester, Massachusetts",39082
"Alcona, Michigan",33425
"Alger, Michigan",31425
"Allegan, Michigan",34013
"Alpena, Michigan",31425
"Antrim, Michigan",31124
"Arenac, Michigan",31330
"Baraga, Michigan",31918
"Barry, Michigan",33695
"Bay, Michigan",31568
"Benzie, Michigan",32870
"Berrien, Michigan",33203
"Branch, Michigan",32791
"Calhoun, Michigan",32203
"Cass, Michigan",31838
"Charlevoix, Michigan",32251
"Cheboygan, Michigan",31441
"Chippewa, Michigan",31489
"Clare, Michigan",31425
"Clinton, Michigan",34711
"Crawford, Michigan",31997
"Delta, Michigan",32695
"Dickinson, Michigan",31918
"Eaton, Michigan",34711
"Emmet, Michigan",32616
"Genesee, Michigan",31632
"Gladwin, Michigan",31425
"Gogebic, Michigan",31425
"Grand Traverse, Michigan",34314
"Gratiot, Michigan",31124
"Hillsdale, Michigan",32140
"Houghton, Michigan",31124
"Huron, Michigan",32251
"Ingham, Michigan",34711
"Ionia, Michigan",33537
"Iosco, Michigan",32616
"Iron, Michigan",31394
"Isabella, Michigan",32822
"Jackson, Michigan",33378
"Kalamazoo, Michigan",33235
"Kalkaska, Michigan",31203
"Kent, Michigan",35171
"Keweenaw, Michigan",31425
"Lake, Michigan",31425
"Lapeer, Michigan",34505
"Leelanau, Michigan",34060
"Lenawee, Michigan",31854
"Livingston, Michigan",35457
"Luce, Michigan",31425
"Mackinac, Michigan",31425
"Macomb, Michigan",34505
"Manistee, Michigan",32045
"Marquette, Michigan",32045
"Mason, Michigan",32695
"Mecosta, Michigan",33172
"Menominee, Michigan",32203
"Midland, Michigan",32092
"Missaukee, Michigan",32473
"Monroe, Michigan",33378
"Montcalm, Michigan",33505
"Montmorency, Michigan",31425
"Muskegon, Michigan",32854
"Newaygo, Michigan",31822
"Oakland, Michigan",34505
"Oceana, Michigan",31425
"Ogemaw, Michigan",32298
"Ontonagon, Michigan",31425
"Osceola, Michigan",31425
"Oscoda, Michigan",31425
"Otsego, Michigan",32854
"Ottawa, Michigan",36187
"Presque Isle, Michigan",31425
"Roscommon, Michigan",32632
"Saginaw, Michigan",32108
"Sanilac, Michigan",32219
"Schoolcraft, Michigan",31425
"Shiawassee, Michigan",32552
"St. Clair, Michigan",34505
"St. Joseph, Michigan",31632
"Tuscola, Michigan",31124
"Van Buren, Michigan",33235
"Washtenaw, Michigan",39775
"Wayne, Michigan",34505
"Wexford, Michigan",31822
"Aitkin, Minnesota",32857
"Anoka, Minnesota",38984
"Becker, Minnesota",32202
"Beltrami, Minnesota",32873
"Benton, Minnesota",34659
"Big Stone, Minnesota",32202
"Blue Earth, Minnesota",34856
"Brown, Minnesota",32202
"Carlton, Minnesota",34987
"Carver, Minnesota",38984
"Cass, Minnesota",32251
"Chippewa, Minnesota",32497
"Chisago, Minnesota",38984
"Clay, Minnesota",33987
"Clearwater, Minnesota",33332
"Cook, Minnesota",32202
"Cottonwood, Minnesota",32202
"Crow Wing, Minnesota",32841
"Dakota, Minnesota",38984
"Dodge, Minnesota",35298
"Douglas, Minnesota",32382
"Faribault, Minnesota",32202
"Fillmore, Minnesota",33332
"Freeborn, Minnesota",32202
"Goodhue, Minnesota",34184
"Grant, Minnesota",32202
"Hennepin, Minnesota",38984
"Houston, Minnesota",33725
"Hubbard, Minnesota",32398
"Isanti, Minnesota",38984
"Itasca, Minnesota",34102
"Jackson, Minnesota",32202
"Kanabec, Minnesota",33725
"Kandiyohi, Minnesota",33578
"Kittson, Minnesota",32202
"Koochiching, Minnesota",32202
"Lac qui Parle, Minnesota",32202
"Lake, Minnesota",32202
"Lake of the Woods, Minnesota",32415
"Le Sueur, Minnesota",35659
"Lincoln, Minnesota",32202
"Lyon, Minnesota",32562
"Mahnomen, Minnesota",34577
"Marshall, Minnesota",32202
"Martin, Minnesota",32202
"McLeod, Minnesota",32349
"Meeker, Minnesota",32431
"Mille Lacs, Minnesota",34397
"Morrison, Minnesota",32202
"Mower, Minnesota",32611
"Murray, Minnesota",32202
"Nicollet, Minnesota",34856
"Nobles, Minnesota",33332
"Norman, Minnesota",32202
"Olmsted, Minnesota",35298
"Otter Tail, Minnesota",33332
"Pennington, Minnesota",32202
"Pine, Minnesota",32972
"Pipestone, Minnesota",32202
"Polk, Minnesota",34479
"Pope, Minnesota",32578
"Ramsey, Minnesota",38984
"Red Lake, Minnesota",34020
"Redwood, Minnesota",32202
"Renville, Minnesota",34397
"Rice, Minnesota",34250
"Rock, Minnesota",32202
"Roseau, Minnesota",32202
"Scott, Minnesota",38984
"Sherburne, Minnesota",38984
"Sibley, Minnesota",33365
"Stearns, Minnesota",34659
"Steele, Minnesota",32529
"Stevens, Minnesota",32202
"St. Louis, Minnesota",34987
"Swift, Minnesota",33332
"Todd, Minnesota",32202
"Traverse, Minnesota",32202
"Wabasha, Minnesota",32415
"Wadena, Minnesota",32202
"Waseca, Minnesota",33381
"Washington, Minnesota",38984
"Watonwan, Minnesota",32202
"Wilkin, Minnesota",32202
"Winona, Minnesota",32546
"Wright, Minnesota",38984
"Yellow Medicine, Minnesota",32202
"Adams, Mississippi",31536
"Alcorn, Mississippi",31232
"Amite, Mississippi",31568
"Attala, Mississippi",31536
"Benton, Mississippi",31184
"Bolivar, Mississippi",31472
"Calhoun, Mississippi",31536
"Carroll, Mississippi",31568
"Chickasaw, Mississippi",30687
"Choctaw, Mississippi",31872
"Claiborne, Mississippi",31536
"Clarke, Mississippi",31536
"Clay, Mississippi",31536
"Coahoma, Mississippi",30238
"Copiah, Mississippi",34948
"Covington, Mississippi",31728
"DeSoto, Mississippi",33955
"Forrest, Mississippi",32001
"Franklin, Mississippi",31232
"George, Mississippi",31744
"Greene, Mississippi",31264
"Grenada, Mississippi",31232
"Hancock, Mississippi",33282
"Harrison, Mississippi",33282
"Hinds, Mississippi",34948
"Holmes, Mississippi",31232
"Humphreys, Mississippi",31536
"Issaquena, Mississippi",31232
"Itawamba, Mississippi",31712
"Jackson, Mississippi",32433
"Jasper, Mississippi",31568
"Jefferson, Mississippi",31536
"Jefferson Davis, Mississippi",31536
"Jones, Mississippi",30767
"Kemper, Mississippi",31232
"Lafayette, Mississippi",34452
"Lamar, Mississippi",32001
"Lauderdale, Mississippi",31023
"Lawrence, Mississippi",32465
"Leake, Mississippi",31296
"Lee, Mississippi",32705
"Leflore, Mississippi",30286
"Lincoln, Mississippi",31408
"Lowndes, Mississippi",32129
"Madison, Mississippi",34948
"Marion, Mississippi",31808
"Marshall, Mississippi",31392
"Monroe, Mississippi",31536
"Montgomery, Mississippi",31536
"Neshoba, Mississippi",31536
"Newton, Mississippi",31440
"Noxubee, Mississippi",31376
"Oktibbeha, Mississippi",33651
"Panola, Mississippi",31632
"Pearl River, Mississippi",32449
"Perry, Mississippi",32001
"Pike, Mississippi",31776
"Pontotoc, Mississippi",30559
"Prentiss, Mississippi",30399
"Quitman, Mississippi",31232
"Rankin, Mississippi",34948
"Scott, Mississippi",31536
"Sharkey, Mississippi",31536
"Simpson, Mississippi",32882
"Smith, Mississippi",30190
"Stone, Mississippi",31536
"Sunflower, Mississippi",30190
"Tallahatchie, Mississippi",31232
"Tate, Mississippi",31344
"Tippah, Mississippi",31536
"Tishomingo, Mississippi",31536
"Tunica, Mississippi",34147
"Union, Mississippi",32353
"Walthall, Mississippi",31536
"Warren, Mississippi",31760
"Washington, Mississippi",31424
"Wayne, Mississippi",31536
"Webster, Mississippi",31536
"Wilkinson, Mississippi",31536
"Winston, Mississippi",31232
"Yalobusha, Mississippi",31232
"Yazoo, Mississippi",32049
"Adair, Missouri",31028
"Andrew, Missouri",32670
"Atchison, Missouri",31350
"Audrain, Missouri",31495
"Barry, Missouri",32027
"Barton, Missouri",31350
"Bates, Missouri",32139
"Benton, Missouri",32027
"Bollinger, Missouri",32638
"Boone, Missouri",34812
"Buchanan, Missouri",32670
"Butler, Missouri",31109
"Caldwell, Missouri",35762
"Callaway, Missouri",33073
"Camden, Missouri",32059
"Cape Girardeau, Missouri",32638
"Carroll, Missouri",31350
"Carter, Missouri",31350
"Cass, Missouri",35762
"Cedar, Missouri",31350
"Chariton, Missouri",31350
"Christian, Missouri",33508
"Clark, Missouri",31350
"Clay, Missouri",35762
"Clinton, Missouri",35762
"Cole, Missouri",31189
"Cooper, Missouri",31576
"Crawford, Missouri",31672
"Dade, Missouri",31463
"Dallas, Missouri",32590
"Daviess, Missouri",31350
"DeKalb, Missouri",32670
"Dent, Missouri",31350
"Douglas, Missouri",31350
"Dunklin, Missouri",31350
"Franklin, Missouri",34796
"Gasconade, Missouri",31350
"Gentry, Missouri",31350
"Greene, Missouri",33508
"Grundy, Missouri",31350
"Harrison, Missouri",31350
"Henry, Missouri",31994
"Hickory, Missouri",31028
"Holt, Missouri",31350
"Howard, Missouri",32381
"Howell, Missouri",31350
"Iron, Missouri",31350
"Jackson, Missouri",35762
"Jasper, Missouri",33105
"Jefferson, Missouri",34796
"Johnson, Missouri",32638
"Knox, Missouri",31350
"Laclede, Missouri",31866
"Lafayette, Missouri",35762
"Lawrence, Missouri",31350
"Lewis, Missouri",31028
"Lincoln, Missouri",34796
"Linn, Missouri",31350
"Livingston, Missouri",31576
"Macon, Missouri",31511
"Madison, Missouri",31350
"Maries, Missouri",31350
"Marion, Missouri",32558
"McDonald, Missouri",33121
"Mercer, Missouri",31350
"Miller, Missouri",31882
"Mississippi, Missouri",31350
"Moniteau, Missouri",31576
"Monroe, Missouri",31350
"Montgomery, Missouri",31350
"Morgan, Missouri",31350
"New Madrid, Missouri",31350
"Newton, Missouri",33105
"Nodaway, Missouri",31705
"Oregon, Missouri",31028
"Osage, Missouri",31189
"Ozark, Missouri",31849
"Pemiscot, Missouri",31350
"Perry, Missouri",31495
"Pettis, Missouri",32365
"Phelps, Missouri",32139
"Pike, Missouri",31801
"Platte, Missouri",35762
"Polk, Missouri",32445
"Pulaski, Missouri",32783
"Putnam, Missouri",31350
"Ralls, Missouri",32397
"Randolph, Missouri",31817
"Ray, Missouri",35762
"Reynolds, Missouri",31350
"Ripley, Missouri",31350
"Saline, Missouri",31350
"Schuyler, Missouri",31350
"Scotland, Missouri",31350
"Scott, Missouri",31544
"Shannon, Missouri",31028
"Shelby, Missouri",31028
"St. Charles, Missouri",34796
"St. Clair, Missouri",31028
"Ste. Genevieve, Missouri",31914
"St. Francois, Missouri",31399
"St. Louis, Missouri",34796
"Stoddard, Missouri",31028
"Stone, Missouri",32654
"Sullivan, Missouri",31608
"Taney, Missouri",32316
"Texas, Missouri",31077
"Vernon, Missouri",31640
"Warren, Missouri",34796
"Washington, Missouri",31350
"Wayne, Missouri",31656
"Webster, Missouri",33508
"Worth, Missouri",31350
"Wright, Missouri",31350
"Beaverhead, Montana",32392
"Big Horn, Montana",33622
"Blaine, Montana",31932
"Broadwater, Montana",33310
"Carbon, Montana",33852
"Carter, Montana",31932
"Cascade, Montana",33491
"Chouteau, Montana",32162
"Custer, Montana",33360
"Daniels, Montana",32802
"Dawson, Montana",34984
"Deer Lodge, Montana",31932
"Fallon, Montana",33442
"Fergus, Montana",33442
"Flathead, Montana",33835
"Gallatin, Montana",36345
"Garfield, Montana",31932
"Glacier, Montana",31867
"Golden Valley, Montana",31621
"Granite, Montana",31932
"Hill, Montana",34311
"Jefferson, Montana",33950
"Judith Basin, Montana",31932
"Lake, Montana",32654
"Lewis and Clark, Montana",34147
"Liberty, Montana",33819
"Lincoln, Montana",32244
"Madison, Montana",36312
"McCone, Montana",32261
"Meagher, Montana",32146
"Mineral, Montana",31932
"Missoula, Montana",34738
"Musselshell, Montana",33606
"Park, Montana",35722
"Petroleum, Montana",34016
"Phillips, Montana",31932
"Pondera, Montana",31932
"Powder River, Montana",31932
"Powell, Montana",31932
"Prairie, Montana",34016
"Ravalli, Montana",33294
"Richland, Montana",34524
"Roosevelt, Montana",33392
"Rosebud, Montana",31932
"Sanders, Montana",32605
"Sheridan, Montana",33196
"Silver Bow, Montana",33753
"Stillwater, Montana",33196
"Sweet Grass, Montana",33376
"Teton, Montana",32408
"Toole, Montana",31932
"Treasure, Montana",34016
"Valley, Montana",32703
"Wheatland, Montana",31932
"Wibaux, Montana",34016
"Yellowstone, Montana",33852
"Adams, Nebraska",31841
"Antelope, Nebraska",31793
"Arthur, Nebraska",31857
"Banner, Nebraska",31857
"Blaine, Nebraska",31793
"Boone, Nebraska",31793
"Box Butte, Nebraska",31793
"Boyd, Nebraska",31793
"Brown, Nebraska",31793
"Buffalo, Nebraska",33593
"Burt, Nebraska",31793
"Butler, Nebraska",32081
"Cass, Nebraska",35986
"Cedar, Nebraska",31793
"Chase, Nebraska",31793
"Cherry, Nebraska",31793
"Cheyenne, Nebraska",31793
"Clay, Nebraska",31793
"Colfax, Nebraska",31793
"Cuming, Nebraska",31793
"Custer, Nebraska",31793
"Dakota, Nebraska",33593
"Dawes, Nebraska",31921
"Dawson, Nebraska",32065
"Deuel, Nebraska",31937
"Dixon, Nebraska",33593
"Dodge, Nebraska",33740
"Douglas, Nebraska",35986
"Dundy, Nebraska",31793
"Fillmore, Nebraska",31793
"Franklin, Nebraska",31793
"Frontier, Nebraska",31793
"Furnas, Nebraska",31793
"Gage, Nebraska",31793
"Garden, Nebraska",31793
"Garfield, Nebraska",31793
"Gosper, Nebraska",31793
"Grant, Nebraska",31857
"Greeley, Nebraska",31793
"Hall, Nebraska",33970
"Hamilton, Nebraska",33281
"Harlan, Nebraska",31793
"Hayes, Nebraska",31793
"Hitchcock, Nebraska",31793
"Holt, Nebraska",31793
"Hooker, Nebraska",31793
"Howard, Nebraska",33281
"Jefferson, Nebraska",31793
"Johnson, Nebraska",31793
"Kearney, Nebraska",32081
"Keith, Nebraska",31793
"Keya Paha, Nebraska",31793
"Kimball, Nebraska",31793
"Knox, Nebraska",31793
"Lancaster, Nebraska",34740
"Lincoln, Nebraska",33707
"Logan, Nebraska",31793
"Loup, Nebraska",31857
"Madison, Nebraska",31953
"McPherson, Nebraska",31857
"Merrick, Nebraska",33281
"Morrill, Nebraska",33232
"Nance, Nebraska",31793
"Nemaha, Nebraska",31793
"Nuckolls, Nebraska",31793
"Otoe, Nebraska",31985
"Pawnee, Nebraska",31793
"Perkins, Nebraska",31793
"Phelps, Nebraska",31793
"Pierce, Nebraska",31793
"Platte, Nebraska",33265
"Polk, Nebraska",31793
"Red Willow, Nebraska",31825
"Richardson, Nebraska",31793
"Rock, Nebraska",31793
"Saline, Nebraska",33478
"Sarpy, Nebraska",35986
"Saunders, Nebraska",33593
"Scotts Bluff, Nebraska",32001
"Seward, Nebraska",31793
"Sheridan, Nebraska",31793
"Sherman, Nebraska",31793
"Sioux, Nebraska",31793
"Stanton, Nebraska",34625
"Thayer, Nebraska",31793
"Thomas, Nebraska",32017
"Thurston, Nebraska",33658
"Valley, Nebraska",31793
"Washington, Nebraska",35986
"Wayne, Nebraska",31793
"Webster, Nebraska",33658
"Wheeler, Nebraska",31857
"York, Nebraska",32017
"Churchill, Nevada",31600
"Clark, Nevada",33969
"Douglas, Nevada",33849
"Elko, Nevada",32219
"Esmeralda, Nevada",29503
"Eureka, Nevada",30967
"Humboldt, Nevada",31464
"Lander, Nevada",31389
"Lincoln, Nevada",29503
"Lyon, Nevada",31706
"Mineral, Nevada",29503
"Nye, Nevada",30393
"Pershing, Nevada",29503
"Storey, Nevada",34316
"Washoe, Nevada",34316
"White Pine, Nevada",30182
"Belknap, New Hampshire",33877
"Carroll, New Hampshire",33092
"Cheshire, New Hampshire",34239
"Coos, New Hampshire",30648
"Grafton, New Hampshire",33424
"Hillsborough, New Hampshire",36318
"Merrimack, New Hampshire",35310
"Rockingham, New Hampshire",38344
"Strafford, New Hampshire",37257
"Sullivan, New Hampshire",34299
"Atlantic, New Jersey",38581
"Bergen, New Jersey",44614
"Burlington, New Jersey",37967
"Camden, New Jersey",37967
"Cape May, New Jersey",37936
"Cumberland, New Jersey",38423
"Essex, New Jersey",42615
"Gloucester, New Jersey",37967
"Hudson, New Jersey",49403
"Hunterdon, New Jersey",43824
"Mercer, New Jersey",39776
"Middlesex, New Jersey",43824
"Monmouth, New Jersey",42566
"Morris, New Jersey",42615
"Ocean, New Jersey",42566
"Passaic, New Jersey",44614
"Salem, New Jersey",37967
"Somerset, New Jersey",43824
"Sussex, New Jersey",42615
"Union, New Jersey",42615
"Warren, New Jersey",38565
"Bernalillo, New Mexico",33353
"Catron, New Mexico",32601
"Chaves, New Mexico",34313
"Cibola, New Mexico",33657
"Colfax, New Mexico",32745
"Curry, New Mexico",33193
"De Baca, New Mexico",33865
"Dona Ana, New Mexico",32553
"Eddy, New Mexico",36889
"Grant, New Mexico",33497
"Guadalupe, New Mexico",32601
"Harding, New Mexico",32601
"Hidalgo, New Mexico",32601
"Lea, New Mexico",35401
"Lincoln, New Mexico",34249
"Los Alamos, New Mexico",37161
"Luna, New Mexico",31161
"McKinley, New Mexico",33593
"Mora, New Mexico",33865
"Otero, New Mexico",33033
"Quay, New Mexico",32601
"Rio Arriba, New Mexico",34025
"Roosevelt, New Mexico",33785
"Sandoval, New Mexico",33353
"San Juan, New Mexico",34409
"San Miguel, New Mexico",34185
"Santa Fe, New Mexico",36281
"Sierra, New Mexico",31353
"Socorro, New Mexico",32889
"Taos, New Mexico",35513
"Torrance, New Mexico",33353
"Union, New Mexico",32265
"Valencia, New Mexico",33353
"Albany, New York",37444
"Allegany, New York",33245
"Bronx, New York",52863
"Broome, New York",34574
"Cattaraugus, New York",34120
"Cayuga, New York",34671
"Chautauqua, New York",33358
"Chemung, New York",36147
"Chenango, New York",33131
"Clinton, New York",35547
"Columbia, New York",36666
"Cortland, New York",35320
"Delaware, New York",34801
"Dutchess, New York",41968
"Erie, New York",36374
"Essex, New York",35352
"Franklin, New York",32953
"Fulton, New York",34055
"Genesee, New York",33650
"Greene, New York",35806
"Hamilton, New York",35596
"Herkimer, New York",33845
"Jefferson, New York",35531
"Kings, New York",52863
"Lewis, New York",34785
"Livingston, New York",35644
"Madison, New York",34834
"Monroe, New York",35644
"Montgomery, New York",35774
"Nassau, New York",46102
"New York, New York",52863
"Niagara, New York",36374
"Oneida, New York",33845
"Onondaga, New York",34834
"Ontario, New York",35644
"Orange, New York",41968
"Orleans, New York",35644
"Oswego, New York",34834
"Otsego, New York",36196
"Putnam, New York",52863
"Queens, New York",52863
"Rensselaer, New York",37444
"Richmond, New York",52863
"Rockland, New York",52863
"Saratoga, New York",37444
"Schenectady, New York",37444
"Schoharie, New York",37444
"Schuyler, New York",34169
"Seneca, New York",35628
"Steuben, New York",34655
"St. Lawrence, New York",34380
"Suffolk, New York",46102
"Sullivan, New York",35369
"Tioga, New York",34574
"Tompkins, New York",40217
"Ulster, New York",38271
"Warren, New York",35304
"Washington, New York",35304
"Wayne, New York",35644
"Westchester, New York",46799
"Wyoming, New York",32791
"Yates, New York",33504
"Alamance, North Carolina",33367
"Alexander, North Carolina",32097
"Alleghany, North Carolina",31535
"Anson, North Carolina",31728
"Ashe, North Carolina",31680
"Avery, North Carolina",32708
"Beaufort, North Carolina",32451
"Bertie, North Carolina",31664
"Bladen, North Carolina",31535
"Brunswick, North Carolina",34363
"Buncombe, North Carolina",40759
"Burke, North Carolina",32097
"Cabarrus, North Carolina",39007
"Caldwell, North Carolina",32097
"Camden, North Carolina",37095
"Carteret, North Carolina",33399
"Caswell, North Carolina",32612
"Catawba, North Carolina",32097
"Chatham, North Carolina",38766
"Cherokee, North Carolina",31905
"Chowan, North Carolina",33479
"Clay, North Carolina",33769
"Cleveland, North Carolina",31085
"Columbus, North Carolina",31937
"Craven, North Carolina",34845
"Cumberland, North Carolina",34813
"Currituck, North Carolina",38573
"Dare, North Carolina",36597
"Davidson, North Carolina",32114
"Davie, North Carolina",33174
"Duplin, North Carolina",31615
"Durham, North Carolina",38766
"Edgecombe, North Carolina",32788
"Forsyth, North Carolina",33174
"Franklin, North Carolina",39425
"Gaston, North Carolina",39007
"Gates, North Carolina",33142
"Graham, North Carolina",31760
"Granville, North Carolina",33206
"Greene, North Carolina",31535
"Guilford, North Carolina",34749
"Halifax, North Carolina",32210
"Harnett, North Carolina",32708
"Haywood, North Carolina",32580
"Henderson, North Carolina",40759
"Hertford, North Carolina",32451
"Hoke, North Carolina",33062
"Hyde, North Carolina",32692
"Iredell, North Carolina",35858
"Jackson, North Carolina",33030
"Johnston, North Carolina",39425
"Jones, North Carolina",31969
"Lee, North Carolina",33753
"Lenoir, North Carolina",31423
"Lincoln, North Carolina",34042
"Macon, North Carolina",33126
"Madison, North Carolina",40759
"Martin, North Carolina",31792
"McDowell, North Carolina",32531
"Mecklenburg, North Carolina",39007
"Mitchell, North Carolina",31535
"Montgomery, North Carolina",31712
"Moore, North Carolina",33479
"Nash, North Carolina",32788
"New Hanover, North Carolina",35263
"Northampton, North Carolina",31535
"Onslow, North Carolina",34251
"Orange, North Carolina",38766
"Pamlico, North Carolina",33174
"Pasquotank, North Carolina",32403
"Pender, North Carolina",32949
"Perquimans, North Carolina",33688
"Person, North Carolina",32322
"Pitt, North Carolina",34395
"Polk, North Carolina",33206
"Randolph, North Carolina",34749
"Richmond, North Carolina",32692
"Robeson, North Carolina",31262
"Rockingham, North Carolina",31728
"Rowan, North Carolina",34636
"Rutherford, North Carolina",31535
"Sampson, North Carolina",31535
"Scotland, North Carolina",31535
"Stanly, North Carolina",32322
"Stokes, North Carolina",33174
"Surry, North Carolina",31840
"Swain, North Carolina",32612
"Transylvania, North Carolina",31696
"Tyrrell, North Carolina",32547
"Union, North Carolina",39007
"Vance, North Carolina",31824
"Wake, North Carolina",39425
"Warren, North Carolina",31535
"Washington, North Carolina",32001
"Watauga, North Carolina",32933
"Wayne, North Carolina",33158
"Wilkes, North Carolina",31808
"Wilson, North Carolina",33769
"Yadkin, North Carolina",33174
"Yancey, North Carolina",31262
"Adams, North Dakota",30804
"Barnes, North Dakota",31079
"Benson, North Dakota",31965
"Billings, North Dakota",31354
"Bottineau, North Dakota",30804
"Bowman, North Dakota",30804
"Burke, North Dakota",31583
"Burleigh, North Dakota",33280
"Cass, North Dakota",31415
"Cavalier, North Dakota",31965
"Dickey, North Dakota",30804
"Divide, North Dakota",31354
"Dunn, North Dakota",33998
"Eddy, North Dakota",31354
"Emmons, North Dakota",30804
"Foster, North Dakota",31965
"Golden Valley, North Dakota",31384
"Grand Forks, North Dakota",31874
"Grant, North Dakota",31109
"Griggs, North Dakota",30804
"Hettinger, North Dakota",31354
"Kidder, North Dakota",31965
"LaMoure, North Dakota",30804
"Logan, North Dakota",30804
"McHenry, North Dakota",31965
"McIntosh, North Dakota",31965
"McKenzie, North Dakota",34090
"McLean, North Dakota",30804
"Mercer, North Dakota",32118
"Morton, North Dakota",33280
"Mountrail, North Dakota",32271
"Nelson, North Dakota",31965
"Oliver, North Dakota",33219
"Pembina, North Dakota",31965
"Pierce, North Dakota",30804
"Ramsey, North Dakota",31965
"Ransom, North Dakota",30804
"Renville, North Dakota",30804
"Richland, North Dakota",30804
"Rolette, North Dakota",31965
"Sargent, North Dakota",31767
"Sheridan, North Dakota",31354
"Sioux, North Dakota",30804
"Slope, North Dakota",31354
"Stark, North Dakota",34059
"Steele, North Dakota",30804
"Stutsman, North Dakota",30804
"Towner, North Dakota",30804
"Traill, North Dakota",31430
"Walsh, North Dakota",30819
"Ward, North Dakota",31965
"Wells, North Dakota",31965
"Williams, North Dakota",31568
"Adams, Ohio",31743
"Allen, Ohio",31587
"Ashland, Ohio",30838
"Ashtabula, Ohio",30948
"Athens, Ohio",34455
"Auglaize, Ohio",31852
"Belmont, Ohio",31774
"Brown, Ohio",30792
"Butler, Ohio",32616
"Carroll, Ohio",30916
"Champaign, Ohio",31805
"Clark, Ohio",31353
"Clermont, Ohio",32616
"Clinton, Ohio",30838
"Columbiana, Ohio",30792
"Coshocton, Ohio",31743
"Crawford, Ohio",32132
"Cuyahoga, Ohio",32538
"Darke, Ohio",31743
"Defiance, Ohio",31883
"Delaware, Ohio",34377
"Erie, Ohio",32335
"Fairfield, Ohio",34377
"Fayette, Ohio",31540
"Franklin, Ohio",34377
"Fulton, Ohio",31540
"Gallia, Ohio",31743
"Geauga, Ohio",32538
"Greene, Ohio",31977
"Guernsey, Ohio",31805
"Hamilton, Ohio",32616
"Hancock, Ohio",32928
"Hardin, Ohio",31743
"Harrison, Ohio",31743
"Henry, Ohio",31743
"Highland, Ohio",32351
"Hocking, Ohio",31977
"Holmes, Ohio",31743
"Huron, Ohio",32039
"Jackson, Ohio",31743
"Jefferson, Ohio",31166
"Knox, Ohio",32662
"Lake, Ohio",32538
"Lawrence, Ohio",31821
"Licking, Ohio",34377
"Logan, Ohio",32491
"Lorain, Ohio",32538
"Lucas, Ohio",31540
"Madison, Ohio",34377
"Mahoning, Ohio",31166
"Marion, Ohio",32616
"Medina, Ohio",32538
"Meigs, Ohio",30745
"Mercer, Ohio",31821
"Miami, Ohio",31977
"Monroe, Ohio",31743
"Montgomery, Ohio",31977
"Morgan, Ohio",31743
"Morrow, Ohio",34377
"Muskingum, Ohio",32179
"Noble, Ohio",31743
"Ottawa, Ohio",32444
"Paulding, Ohio",31743
"Perry, Ohio",31166
"Pickaway, Ohio",34377
"Pike, Ohio",31743
"Portage, Ohio",32023
"Preble, Ohio",32054
"Putnam, Ohio",31743
"Richland, Ohio",30916
"Ross, Ohio",32803
"Sandusky, Ohio",31883
"Scioto, Ohio",31462
"Seneca, Ohio",31665
"Shelby, Ohio",31758
"Stark, Ohio",30916
"Summit, Ohio",32023
"Trumbull, Ohio",31166
"Tuscarawas, Ohio",32257
"Union, Ohio",34923
"Van Wert, Ohio",31743
"Vinton, Ohio",31743
"Warren, Ohio",32616
"Washington, Ohio",31774
"Wayne, Ohio",32553
"Williams, Ohio",31743
"Wood, Ohio",31540
"Wyandot, Ohio",31743
"Adair, Oklahoma",31709
"Alfalfa, Oklahoma",31933
"Atoka, Oklahoma",31629
"Beaver, Oklahoma",31821
"Beckham, Oklahoma",32878
"Blaine, Oklahoma",31629
"Bryan, Oklahoma",31917
"Caddo, Oklahoma",30652
"Canadian, Oklahoma",34128
"Carter, Oklahoma",33119
"Cherokee, Oklahoma",32173
"Choctaw, Oklahoma",30523
"Cimarron, Oklahoma",31821
"Cleveland, Oklahoma",34128
"Coal, Oklahoma",31629
"Comanche, Oklahoma",31933
"Cotton, Oklahoma",31613
"Craig, Oklahoma",31437
"Creek, Oklahoma",32558
"Custer, Oklahoma",31901
"Delaware, Oklahoma",30988
"Dewey, Oklahoma",32125
"Ellis, Oklahoma",32302
"Garfield, Oklahoma",31677
"Garvin, Oklahoma",31693
"Grady, Oklahoma",31725
"Grant, Oklahoma",31997
"Greer, Oklahoma",31629
"Harmon, Oklahoma",31821
"Harper, Oklahoma",31821
"Haskell, Oklahoma",31629
"Hughes, Oklahoma",31821
"Jackson, Oklahoma",30940
"Jefferson, Oklahoma",30523
"Johnston, Oklahoma",31821
"Kay, Oklahoma",31629
"Kingfisher, Oklahoma",32077
"Kiowa, Oklahoma",31629
"Latimer, Oklahoma",31917
"Le Flore, Oklahoma",32077
"Lincoln, Oklahoma",32302
"Logan, Oklahoma",34128
"Love, Oklahoma",32238
"Major, Oklahoma",31821
"Marshall, Oklahoma",30523
"Mayes, Oklahoma",31997
"McClain, Oklahoma",34128
"McCurtain, Oklahoma",30924
"McIntosh, Oklahoma",31933
"Murray, Oklahoma",32189
"Muskogee, Oklahoma",30956
"Noble, Oklahoma",31821
"Nowata, Oklahoma",31709
"Okfuskee, Oklahoma",31821
"Oklahoma, Oklahoma",34128
"Okmulgee, Oklahoma",31372
"Osage, Oklahoma",32558
"Ottawa, Oklahoma",30748
"Pawnee, Oklahoma",30523
"Payne, Oklahoma",33535
"Pittsburg, Oklahoma",32125
"Pontotoc, Oklahoma",31901
"Pottawatomie, Oklahoma",31148
"Pushmataha, Oklahoma",30523
"Roger Mills, Oklahoma",31821
"Rogers, Oklahoma",32558
"Seminole, Oklahoma",30604
"Sequoyah, Oklahoma",31661
"Stephens, Oklahoma",31821
"Texas, Oklahoma",33455
"Tillman, Oklahoma",31821
"Tulsa, Oklahoma",32558
"Wagoner, Oklahoma",32558
"Washington, Oklahoma",32638
"Washita, Oklahoma",31821
"Woods, Oklahoma",31901
"Woodward, Oklahoma",32526
"Baker, Oregon",33012
"Benton, Oregon",39681
"Clackamas, Oregon",44938
"Clatsop, Oregon",35918
"Columbia, Oregon",44938
"Coos, Oregon",33986
"Crook, Oregon",34474
"Curry, Oregon",35700
"Deschutes, Oregon",38303
"Douglas, Oregon",36237
"Gilliam, Oregon",34826
"Grant, Oregon",32878
"Harney, Oregon",32156
"Hood River, Oregon",37396
"Jackson, Oregon",36237
"Jefferson, Oregon",33819
"Josephine, Oregon",37783
"Klamath, Oregon",33986
"Lake, Oregon",32441
"Lane, Oregon",37329
"Lincoln, Oregon",35549
"Linn, Oregon",37363
"Malheur, Oregon",33315
"Marion, Oregon",37430
"Morrow, Oregon",34121
"Multnomah, Oregon",44938
"Polk, Oregon",37430
"Sherman, Oregon",33415
"Tillamook, Oregon",35213
"Umatilla, Oregon",33499
"Union, Oregon",33953
"Wallowa, Oregon",33113
"Wasco, Oregon",37094
"Washington, Oregon",44938
"Wheeler, Oregon",32441
"Yamhill, Oregon",44938
"Adams, Pennsylvania",33977
"Allegheny, Pennsylvania",34259
"Armstrong, Pennsylvania",31145
"Beaver, Pennsylvania",34259
"Bedford, Pennsylvania",32021
"Berks, Pennsylvania",32913
"Blair, Pennsylvania",32068
"Bradford, Pennsylvania",32428
"Bucks, Pennsylvania",37169
"Butler, Pennsylvania",34259
"Cambria, Pennsylvania",31286
"Cameron, Pennsylvania",31489
"Carbon, Pennsylvania",35417
"Centre, Pennsylvania",36621
"Chester, Pennsylvania",37169
"Clarion, Pennsylvania",32678
"Clearfield, Pennsylvania",31098
"Clinton, Pennsylvania",31411
"Columbia, Pennsylvania",34040
"Crawford, Pennsylvania",31035
"Cumberland, Pennsylvania",33273
"Dauphin, Pennsylvania",33273
"Delaware, Pennsylvania",37169
"Elk, Pennsylvania",30566
"Erie, Pennsylvania",32850
"Fayette, Pennsylvania",34259
"Forest, Pennsylvania",31489
"Franklin, Pennsylvania",33210
"Fulton, Pennsylvania",31489
"Greene, Pennsylvania",32803
"Huntingdon, Pennsylvania",32021
"Indiana, Pennsylvania",32757
"Jefferson, Pennsylvania",31927
"Juniata, Pennsylvania",30566
"Lackawanna, Pennsylvania",32318
"Lancaster, Pennsylvania",33789
"Lawrence, Pennsylvania",31145
"Lebanon, Pennsylvania",34212
"Lehigh, Pennsylvania",35417
"Luzerne, Pennsylvania",32318
"Lycoming, Pennsylvania",33789
"McKean, Pennsylvania",31630
"Mercer, Pennsylvania",31739
"Mifflin, Pennsylvania",31239
"Monroe, Pennsylvania",35980
"Montgomery, Pennsylvania",37169
"Montour, Pennsylvania",33821
"Northampton, Pennsylvania",35417
"Northumberland, Pennsylvania",30832
"Perry, Pennsylvania",33273
"Philadelphia, Pennsylvania",37169
"Pike, Pennsylvania",39266
"Potter, Pennsylvania",31677
"Schuylkill, Pennsylvania",32068
"Snyder, Pennsylvania",32600
"Somerset, Pennsylvania",32428
"Sullivan, Pennsylvania",31489
"Susquehanna, Pennsylvania",31145
"Tioga, Pennsylvania",31207
"Union, Pennsylvania",32256
"Venango, Pennsylvania",31739
"Warren, Pennsylvania",32318
"Washington, Pennsylvania",34259
"Wayne, Pennsylvania",33429
"Westmoreland, Pennsylvania",34259
"Wyoming, Pennsylvania",32318
"York, Pennsylvania",33085
"Bristol, Rhode Island",36859
"Kent, Rhode Island",36859
"Newport, Rhode Island",38271
"Providence, Rhode Island",36859
"Washington, Rhode Island",37274
"Abbeville, South Carolina",32383
"Aiken, South Carolina",34419
"Allendale, South Carolina",32383
"Anderson, South Carolina",34206
"Bamberg, South Carolina",32843
"Barnwell, South Carolina",33122
"Beaufort, South Carolina",40924
"Berkeley, South Carolina",40398
"Calhoun, South Carolina",36817
"Charleston, South Carolina",40398
"Cherokee, South Carolina",31791
"Chester, South Carolina",33056
"Chesterfield, South Carolina",33122
"Clarendon, South Carolina",32383
"Colleton, South Carolina",33270
"Darlington, South Carolina",32448
"Dillon, South Carolina",33122
"Dorchester, South Carolina",40398
"Edgefield, South Carolina",34419
"Fairfield, South Carolina",36817
"Florence, South Carolina",34091
"Georgetown, South Carolina",34009
"Greenville, South Carolina",35980
"Greenwood, South Carolina",34140
"Hampton, South Carolina",32465
"Horry, South Carolina",35996
"Jasper, South Carolina",37031
"Kershaw, South Carolina",33582
"Lancaster, South Carolina",34206
"Laurens, South Carolina",33927
"Lee, South Carolina",33122
"Lexington, South Carolina",36817
"Marion, South Carolina",32613
"Marlboro, South Carolina",32563
"McCormick, South Carolina",32383
"Newberry, South Carolina",33812
"Oconee, South Carolina",32301
"Orangeburg, South Carolina",33532
"Pickens, South Carolina",35980
"Richland, South Carolina",36817
"Saluda, South Carolina",36817
"Spartanburg, South Carolina",35389
"Sumter, South Carolina",34666
"Union, South Carolina",32678
"Williamsburg, South Carolina",32383
"York, South Carolina",40185
"Aurora, South Dakota",29954
"Beadle, South Dakota",30648
"Bennett, South Dakota",29954
"Bon Homme, South Dakota",29954
"Brookings, South Dakota",31252
"Brown, South Dakota",30362
"Brule, South Dakota",29954
"Buffalo, South Dakota",29954
"Butte, South Dakota",30920
"Campbell, South Dakota",29954
"Charles Mix, South Dakota",29954
"Clark, South Dakota",29954
"Clay, South Dakota",30362
"Codington, South Dakota",30030
"Corson, South Dakota",29954
"Custer, South Dakota",31629
"Davison, South Dakota",30045
"Day, South Dakota",29954
"Deuel, South Dakota",29954
"Dewey, South Dakota",29954
"Douglas, South Dakota",30256
"Edmunds, South Dakota",29954
"Fall River, South Dakota",30090
"Faulk, South Dakota",29954
"Grant, South Dakota",30120
"Gregory, South Dakota",29954
"Haakon, South Dakota",30211
"Hamlin, South Dakota",29954
"Hand, South Dakota",29954
"Hanson, South Dakota",29954
"Harding, South Dakota",30633
"Hughes, South Dakota",29834
"Hutchinson, South Dakota",30196
"Hyde, South Dakota",30000
"Jackson, South Dakota",29954
"Jerauld, South Dakota",29954
"Jones, South Dakota",29954
"Kingsbury, South Dakota",29954
"Lake, South Dakota",29954
"Lawrence, South Dakota",29849
"Lincoln, South Dakota",32052
"Lyman, South Dakota",29954
"Marshall, South Dakota",29954
"McCook, South Dakota",32052
"McPherson, South Dakota",30030
"Meade, South Dakota",30905
"Mellette, South Dakota",29954
"Miner, South Dakota",29954
"Minnehaha, South Dakota",32052
"Moody, South Dakota",29954
"Oglala Lakota, South Dakota",29954
"Pennington, South Dakota",31071
"Perkins, South Dakota",29954
"Potter, South Dakota",30045
"Roberts, South Dakota",29954
"Sanborn, South Dakota",29954
"Spink, South Dakota",29954
"Stanley, South Dakota",30920
"Sully, South Dakota",29954
"Todd, South Dakota",29954
"Tripp, South Dakota",29954
"Turner, South Dakota",32052
"Union, South Dakota",30648
"Walworth, South Dakota",29954
"Yankton, South Dakota",30030
"Ziebach, South Dakota",29954
"Anderson, Tennessee",31027
"Bedford, Tennessee",30650
"Benton, Tennessee",29368
"Bledsoe, Tennessee",29368
"Blount, Tennessee",31027
"Bradley, Tennessee",29700
"Campbell, Tennessee",28327
"Cannon, Tennessee",36671
"Carroll, Tennessee",29368
"Carter, Tennessee",30922
"Cheatham, Tennessee",36671
"Chester, Tennessee",29896
"Claiborne, Tennessee",29368
"Clay, Tennessee",29368
"Cocke, Tennessee",29156
"Coffee, Tennessee",29745
"Crockett, Tennessee",28311
"Cumberland, Tennessee",29156
"Davidson, Tennessee",36671
"Decatur, Tennessee",29368
"DeKalb, Tennessee",29156
"Dickson, Tennessee",36671
"Dyer, Tennessee",28296
"Fayette, Tennessee",31963
"Fentress, Tennessee",29156
"Franklin, Tennessee",29292
"Gibson, Tennessee",29473
"Giles, Tennessee",29413
"Grainger, Tennessee",28870
"Greene, Tennessee",29881
"Grundy, Tennessee",29368
"Hamblen, Tennessee",30182
"Hamilton, Tennessee",31209
"Hancock, Tennessee",29187
"Hardeman, Tennessee",29156
"Hardin, Tennessee",29217
"Hawkins, Tennessee",29353
"Haywood, Tennessee",28915
"Henderson, Tennessee",29368
"Henry, Tennessee",29262
"Hickman, Tennessee",31375
"Houston, Tennessee",29745
"Humphreys, Tennessee",29368
"Jackson, Tennessee",29156
"Jefferson, Tennessee",30182
"Johnson, Tennessee",29172
"Knox, Tennessee",31027
"Lake, Tennessee",29156
"Lauderdale, Tennessee",29156
"Lawrence, Tennessee",29458
"Lewis, Tennessee",29156
"Lincoln, Tennessee",29428
"Loudon, Tennessee",31027
"Macon, Tennessee",29926
"Madison, Tennessee",29896
"Marion, Tennessee",31209
"Marshall, Tennessee",30228
"Maury, Tennessee",32627
"McMinn, Tennessee",29775
"McNairy, Tennessee",29368
"Meigs, Tennessee",29368
"Monroe, Tennessee",28206
"Montgomery, Tennessee",30303
"Moore, Tennessee",29368
"Morgan, Tennessee",28824
"Obion, Tennessee",28447
"Overton, Tennessee",29368
"Perry, Tennessee",29156
"Pickett, Tennessee",29172
"Polk, Tennessee",29700
"Putnam, Tennessee",29881
"Rhea, Tennessee",29398
"Roane, Tennessee",29338
"Robertson, Tennessee",36671
"Rutherford, Tennessee",36671
"Scott, Tennessee",29156
"Sequatchie, Tennessee",31209
"Sevier, Tennessee",31540
"Shelby, Tennessee",31963
"Smith, Tennessee",29066
"Stewart, Tennessee",29458
"Sullivan, Tennessee",29353
"Sumner, Tennessee",36671
"Tipton, Tennessee",31963
"Trousdale, Tennessee",36671
"Unicoi, Tennessee",30922
"Union, Tennessee",31027
"Van Buren, Tennessee",29156
"Warren, Tennessee",29534
"Washington, Tennessee",30922
"Wayne, Tennessee",29368
"Weakley, Tennessee",29368
"White, Tennessee",29534
"Williamson, Tennessee",36671
"Wilson, Tennessee",36671
"Anderson, Texas",30119
"Andrews, Texas",33107
"Angelina, Texas",32684
"Aransas, Texas",31855
"Archer, Texas",30376
"Armstrong, Texas",31040
"Atascosa, Texas",30647
"Austin, Texas",31357
"Bailey, Texas",29667
"Bandera, Texas",33032
"Bastrop, Texas",37528
"Baylor, Texas",29667
"Bee, Texas",32066
"Bell, Texas",31130
"Bexar, Texas",33032
"Blanco, Texas",31447
"Borden, Texas",30300
"Bosque, Texas",29667
"Bowie, Texas",31311
"Brazoria, Texas",32881
"Brazos, Texas",31900
"Brewster, Texas",31070
"Briscoe, Texas",29667
"Brooks, Texas",29667
"Brown, Texas",29516
"Burleson, Texas",31900
"Burnet, Texas",32217
"Caldwell, Texas",37528
"Calhoun, Texas",29757
"Callahan, Texas",32217
"Cameron, Texas",30391
"Camp, Texas",29667
"Carson, Texas",31040
"Cass, Texas",29667
"Castro, Texas",29667
"Chambers, Texas",35250
"Cherokee, Texas",28958
"Childress, Texas",30783
"Clay, Texas",30376
"Cochran, Texas",29667
"Coke, Texas",29667
"Coleman, Texas",29667
"Collin, Texas",37075
"Collingsworth, Texas",29667
"Colorado, Texas",29923
"Comal, Texas",33032
"Comanche, Texas",29667
"Concho, Texas",30889
"Cooke, Texas",30844
"Coryell, Texas",31130
"Cottle, Texas",29667
"Crane, Texas",29667
"Crockett, Texas",29667
"Crosby, Texas",31160
"Culberson, Texas",29863
"Dallam, Texas",29984
"Dallas, Texas",37075
"Dawson, Texas",29667
"Deaf Smith, Texas",31357
"Delta, Texas",29667
"Denton, Texas",37075
"DeWitt, Texas",30406
"Dickens, Texas",29667
"Dimmit, Texas",30300
"Donley, Texas",29667
"Duval, Texas",29667
"Eastland, Texas",28852
"Ector, Texas",34163
"Edwards, Texas",30300
"Ellis, Texas",37075
"El Paso, Texas",29818
"Erath, Texas",31749
"Falls, Texas",29697
"Fannin, Texas",30074
"Fayette, Texas",30361
"Fisher, Texas",29667
"Floyd, Texas",30074
"Foard, Texas",30300
"Fort Bend, Texas",35250
"Franklin, Texas",30119
"Freestone, Texas",29667
"Frio, Texas",30165
"Gaines, Texas",29667
"Galveston, Texas",35250
"Garza, Texas",29923
"Gillespie, Texas",32247
"Glasscock, Texas",30300
"Goliad, Texas",32458
"Gonzales, Texas",31070
"Gray, Texas",30557
"Grayson, Texas",31523
"Gregg, Texas",30647
"Grimes, Texas",29772
"Guadalupe, Texas",33032
"Hale, Texas",29667
"Hall, Texas",29667
"Hamilton, Texas",29667
"Hansford, Texas",30557
"Hardeman, Texas",29667
"Hardin, Texas",31523
"Harris, Texas",35250
"Harrison, Texas",29833
"Hartley, Texas",31025
"Haskell, Texas",29667
"Hays, Texas",37528
"Hemphill, Texas",32307
"Henderson, Texas",30421
"Hidalgo, Texas",30150
"Hill, Texas",29139
"Hockley, Texas",29667
"Hood, Texas",35234
"Hopkins, Texas",29350
"Houston, Texas",29667
"Howard, Texas",32217
"Hudspeth, Texas",28852
"Hunt, Texas",37075
"Hutchinson, Texas",30557
"Irion, Texas",31311
"Jack, Texas",29667
"Jackson, Texas",30798
"Jasper, Texas",30904
"Jeff Davis, Texas",31326
"Jefferson, Texas",31523
"Jim Hogg, Texas",29667
"Jim Wells, Texas",30979
"Johnson, Texas",35144
"Jones, Texas",32217
"Karnes, Texas",29576
"Kaufman, Texas",37075
"Kendall, Texas",34887
"Kenedy, Texas",30300
"Kent, Texas",30300
"Kerr, Texas",32383
"Kimble, Texas",29863
"King, Texas",31477
"Kinney, Texas",30829
"Kleberg, Texas",31492
"Knox, Texas",29667
"Lamar, Texas",29802
"Lamb, Texas",29667
"Lampasas, Texas",30602
"La Salle, Texas",29667
"Lavaca, Texas",29289
"Lee, Texas",31583
"Leon, Texas",29667
"Liberty, Texas",35250
"Limestone, Texas",29380
"Lipscomb, Texas",29923
"Live Oak, Texas",29667
"Llano, Texas",31281
"Loving, Texas",30300
"Lubbock, Texas",31160
"Lynn, Texas",29440
"Madison, Texas",31357
"Marion, Texas",29667
"Martin, Texas",30481
"Mason, Texas",30708
"Matagorda, Texas",30949
"Maverick, Texas",30104
"McCulloch, Texas",30949
"McLennan, Texas",31900
"McMullen, Texas",30300
"Medina, Texas",30481
"Menard, Texas",29667
"Midland, Texas",38464
"Milam, Texas",29667
"Mills, Texas",29667
"Mitchell, Texas",29667
"Montague, Texas",31281
"Montgomery, Texas",35250
"Moore, Texas",30663
"Morris, Texas",28852
"Motley, Texas",29667
"Nacogdoches, Texas",30240
"Navarro, Texas",30768
"Newton, Texas",29893
"Nolan, Texas",29697
"Nueces, Texas",33379
"Ochiltree, Texas",30059
"Oldham, Texas",32292
"Orange, Texas",31523
"Palo Pinto, Texas",29984
"Panola, Texas",30210
"Parker, Texas",35144
"Parmer, Texas",29667
"Pecos, Texas",30512
"Polk, Texas",29637
"Potter, Texas",31040
"Presidio, Texas",29667
"Rains, Texas",29667
"Randall, Texas",31040
"Reagan, Texas",32322
"Real, Texas",31025
"Red River, Texas",29667
"Reeves, Texas",30270
"Refugio, Texas",29923
"Roberts, Texas",30300
"Robertson, Texas",31900
"Rockwall, Texas",37075
"Runnels, Texas",29802
"Rusk, Texas",29802
"Sabine, Texas",29667
"San Augustine, Texas",30029
"San Jacinto, Texas",29667
"San Patricio, Texas",33379
"San Saba, Texas",29667
"Schleicher, Texas",30300
"Scurry, Texas",31251
"Shackelford, Texas",29667
"Shelby, Texas",29667
"Sherman, Texas",29667
"Smith, Texas",35084
"Somervell, Texas",31583
"Starr, Texas",29667
"Stephens, Texas",29667
"Sterling, Texas",30300
"Stonewall, Texas",30300
"Sutton, Texas",29667
"Swisher, Texas",29667
"Tarrant, Texas",35144
"Taylor, Texas",32217
"Terrell, Texas",30934
"Terry, Texas",29667
"Throckmorton, Texas",29667
"Titus, Texas",29727
"Tom Green, Texas",31311
"Travis, Texas",37528
"Trinity, Texas",30798
"Tyler, Texas",29667
"Upshur, Texas",30647
"Upton, Texas",29667
"Uvalde, Texas",31040
"Val Verde, Texas",30602
"Van Zandt, Texas",30406
"Victoria, Texas",32458
"Walker, Texas",31221
"Waller, Texas",35250
"Ward, Texas",30829
"Washington, Texas",32383
"Webb, Texas",32564
"Wharton, Texas",30089
"Wheeler, Texas",29667
"Wichita, Texas",30376
"Wilbarger, Texas",29667
"Willacy, Texas",29893
"Williamson, Texas",37528
"Wilson, Texas",33032
"Winkler, Texas",29667
"Wise, Texas",35612
"Wood, Texas",30436
"Yoakum, Texas",29772
"Young, Texas",29667
"Zapata, Texas",29667
"Zavala, Texas",29667
"Beaver, Utah",31615
"Box Elder, Utah",32287
"Cache, Utah",31567
"Carbon, Utah",31535
"Daggett, Utah",32303
"Davis, Utah",34849
"Duchesne, Utah",32640
"Emery, Utah",31615
"Garfield, Utah",31615
"Grand, Utah",32480
"Iron, Utah",31055
"Juab, Utah",35730
"Kane, Utah",33680
"Millard, Utah",31615
"Morgan, Utah",34849
"Piute, Utah",31615
"Rich, Utah",32303
"Salt Lake, Utah",36578
"San Juan, Utah",33376
"Sanpete, Utah",31903
"Sevier, Utah",31615
"Summit, Utah",37266
"Tooele, Utah",34353
"Uintah, Utah",32896
"Utah, Utah",35730
"Wasatch, Utah",36434
"Washington, Utah",35329
"Wayne, Utah",31615
"Weber, Utah",34849
"Addison, Vermont",35503
"Bennington, Vermont",34860
"Caledonia, Vermont",34828
"Chittenden, Vermont",40841
"Essex, Vermont",32505
"Franklin, Vermont",40841
"Grand Isle, Vermont",40841
"Lamoille, Vermont",36084
"Orange, Vermont",35331
"Orleans, Vermont",33007
"Rutland, Vermont",35707
"Washington, Vermont",34970
"Windham, Vermont",34656
"Windsor, Vermont",34938
"Accomack, Virginia",31102
"Albemarle, Virginia",38669
"Alleghany, Virginia",31328
"Amelia, Virginia",39380
"Amherst, Virginia",33559
"Appomattox, Virginia",33559
"Arlington, Virginia",47788
"Augusta, Virginia",34481
"Bath, Virginia",31005
"Bedford, Virginia",33559
"Bland, Virginia",30956
"Botetourt, Virginia",33689
"Brunswick, Virginia",31393
"Buchanan, Virginia",33042
"Buckingham, Virginia",32444
"Campbell, Virginia",33559
"Caroline, Virginia",39380
"Carroll, Virginia",30956
"Charles City, Virginia",39380
"Charlotte, Virginia",30956
"Chesterfield, Virginia",39380
"Clarke, Virginia",47788
"Craig, Virginia",33689
"Culpeper, Virginia",36066
"Cumberland, Virginia",33446
"Dickenson, Virginia",30956
"Dinwiddie, Virginia",39380
"Essex, Virginia",33074
"Fairfax, Virginia",47788
"Fauquier, Virginia",47788
"Floyd, Virginia",33042
"Fluvanna, Virginia",38669
"Franklin, Virginia",32622
"Frederick, Virginia",36486
"Giles, Virginia",31474
"Gloucester, Virginia",38847
"Goochland, Virginia",39380
"Grayson, Virginia",30956
"Greene, Virginia",38669
"Greensville, Virginia",31813
"Halifax, Virginia",30956
"Hanover, Virginia",39380
"Henrico, Virginia",39380
"Henry, Virginia",31862
"Highland, Virginia",30956
"Isle of Wight, Virginia",38847
"James City, Virginia",38847
"King and Queen, Virginia",32023
"King George, Virginia",35015
"King William, Virginia",39380
"Lancaster, Virginia",33673
"Lee, Virginia",30956
"Loudoun, Virginia",47788
"Louisa, Virginia",33236
"Lunenburg, Virginia",30956
"Madison, Virginia",33365
"Mathews, Virginia",38847
"Mecklenburg, Virginia",31166
"Middlesex, Virginia",33301
"Montgomery, Virginia",36179
"Nelson, Virginia",38669
"New Kent, Virginia",39380
"Northampton, Virginia",32072
"Northumberland, Virginia",31959
"Nottoway, Virginia",31571
"Orange, Virginia",34966
"Page, Virginia",31296
"Patrick, Virginia",30956
"Pittsylvania, Virginia",30924
"Powhatan, Virginia",39380
"Prince Edward, Virginia",32913
"Prince George, Virginia",39380
"Prince William, Virginia",47788
"Pulaski, Virginia",33317
"Rappahannock, Virginia",38216
"Richmond, Virginia",32702
"Roanoke, Virginia",33689
"Rockbridge, Virginia",31538
"Rockingham, Virginia",34627
"Russell, Virginia",30956
"Scott, Virginia",31619
"Shenandoah, Virginia",32120
"Smyth, Virginia",30956
"Southampton, Virginia",32428
"Spotsylvania, Virginia",47788
"Stafford, Virginia",47788
"Surry, Virginia",31134
"Sussex, Virginia",39380
"Tazewell, Virginia",30956
"Warren, Virginia",34255
"Washington, Virginia",31619
"Westmoreland, Virginia",32848
"Wise, Virginia",30956
"Wythe, Virginia",30956
"York, Virginia",38847
"Adams, Washington",30751
"Asotin, Washington",30389
"Benton, Washington",31807
"Chelan, Washington",32652
"Clallam, Washington",31898
"Clark, Washington",40363
"Columbia, Washington",31913
"Cowlitz, Washington",31777
"Douglas, Washington",32652
"Ferry, Washington",29318
"Franklin, Washington",31807
"Garfield, Washington",28880
"Grant, Washington",29634
"Grays Harbor, Washington",29740
"Island, Washington",34357
"Jefferson, Washington",31204
"King, Washington",44557
"Kitsap, Washington",36304
"Kittitas, Washington",31264
"Klickitat, Washington",31898
"Lewis, Washington",30721
"Lincoln, Washington",28880
"Mason, Washington",31536
"Okanogan, Washington",29725
"Pacific, Washington",30193
"Pend Oreille, Washington",31324
"Pierce, Washington",36832
"San Juan, Washington",33678
"Skagit, Washington",34236
"Skamania, Washington",40363
"Snohomish, Washington",44557
"Spokane, Washington",31747
"Stevens, Washington",30178
"Thurston, Washington",36983
"Wahkiakum, Washington",29227
"Walla Walla, Washington",32562
"Whatcom, Washington",35263
"Whitman, Washington",30660
"Yakima, Washington",32471
"Barbour, West Virginia",31986
"Berkeley, West Virginia",34247
"Boone, West Virginia",30139
"Braxton, West Virginia",31986
"Brooke, West Virginia",30935
"Cabell, West Virginia",31604
"Calhoun, West Virginia",31493
"Clay, West Virginia",31302
"Doddridge, West Virginia",32368
"Fayette, West Virginia",31111
"Gilmer, West Virginia",31381
"Grant, West Virginia",31986
"Greenbrier, West Virginia",32193
"Hampshire, West Virginia",35760
"Hancock, West Virginia",30935
"Hardy, West Virginia",31079
"Harrison, West Virginia",32528
"Jackson, West Virginia",31986
"Jefferson, West Virginia",35362
"Kanawha, West Virginia",31302
"Lewis, West Virginia",31938
"Lincoln, West Virginia",30681
"Logan, West Virginia",31986
"Marion, West Virginia",32305
"Marshall, West Virginia",31556
"Mason, West Virginia",31461
"McDowell, West Virginia",31986
"Mercer, West Virginia",29901
"Mineral, West Virginia",30744
"Mingo, West Virginia",30919
"Monongalia, West Virginia",34120
"Monroe, West Virginia",31493
"Morgan, West Virginia",32910
"Nicholas, West Virginia",30919
"Ohio, West Virginia",31556
"Pendleton, West Virginia",31716
"Pleasants, West Virginia",31493
"Pocahontas, West Virginia",30919
"Preston, West Virginia",34120
"Putnam, West Virginia",33228
"Raleigh, West Virginia",32050
"Randolph, West Virginia",31126
"Ritchie, West Virginia",31986
"Roane, West Virginia",31986
"Summers, West Virginia",30919
"Taylor, West Virginia",31349
"Tucker, West Virginia",31986
"Tyler, West Virginia",30474
"Upshur, West Virginia",31970
"Wayne, West Virginia",31604
"Webster, West Virginia",30251
"Wetzel, West Virginia",30681
"Wirt, West Virginia",32432
"Wood, West Virginia",32432
"Wyoming, West Virginia",31731
"Adams, Wisconsin",32303
"Ashland, Wisconsin",32319
"Barron, Wisconsin",32431
"Bayfield, Wisconsin",33010
"Brown, Wisconsin",34055
"Buffalo, Wisconsin",31981
"Burnett, Wisconsin",31917
"Calumet, Wisconsin",33444
"Chippewa, Wisconsin",33139
"Clark, Wisconsin",32077
"Columbia, Wisconsin",33669
"Crawford, Wisconsin",31708
"Dane, Wisconsin",38220
"Dodge, Wisconsin",32576
"Door, Wisconsin",34570
"Douglas, Wisconsin",34441
"Dunn, Wisconsin",32978
"Eau Claire, Wisconsin",33139
"Florence, Wisconsin",31965
"Fond du Lac, Wisconsin",33283
"Forest, Wisconsin",31708
"Grant, Wisconsin",33139
"Green, Wisconsin",34232
"Green Lake, Wisconsin",31708
"Iowa, Wisconsin",34457
"Iron, Wisconsin",31965
"Jackson, Wisconsin",31708
"Jefferson, Wisconsin",33492
"Juneau, Wisconsin",32544
"Kenosha, Wisconsin",35084
"Kewaunee, Wisconsin",34055
"La Crosse, Wisconsin",33203
"Lafayette, Wisconsin",31965
"Langlade, Wisconsin",31965
"Lincoln, Wisconsin",31965
"Manitowoc, Wisconsin",31708
"Marathon, Wisconsin",32544
"Marinette, Wisconsin",32801
"Marquette, Wisconsin",32061
"Menominee, Wisconsin",31965
"Milwaukee, Wisconsin",34586
"Monroe, Wisconsin",32688
"Oconto, Wisconsin",32431
"Oneida, Wisconsin",32415
"Outagamie, Wisconsin",33444
"Ozaukee, Wisconsin",34586
"Pepin, Wisconsin",31965
"Pierce, Wisconsin",38364
"Polk, Wisconsin",32769
"Portage, Wisconsin",33026
"Price, Wisconsin",32817
"Racine, Wisconsin",33541
"Richland, Wisconsin",31965
"Rock, Wisconsin",34393
"Rusk, Wisconsin",31965
"Sauk, Wisconsin",33396
"Sawyer, Wisconsin",32335
"Shawano, Wisconsin",32865
"Sheboygan, Wisconsin",32528
"St. Croix, Wisconsin",38364
"Taylor, Wisconsin",32721
"Trempealeau, Wisconsin",32817
"Vernon, Wisconsin",32110
"Vilas, Wisconsin",32849
"Walworth, Wisconsin",33396
"Washburn, Wisconsin",31981
"Washington, Wisconsin",34586
"Waukesha, Wisconsin",34586
"Waupaca, Wisconsin",31965
"Waushara, Wisconsin",31965
"Winnebago, Wisconsin",32431
"Wood, Wisconsin",31836
"Albany, Wyoming",30454
"Big Horn, Wyoming",30348
"Campbell, Wyoming",33396
"Carbon, Wyoming",32279
"Converse, Wyoming",31374
"Crook, Wyoming",31012
"Fremont, Wyoming",30288
"Goshen, Wyoming",30997
"Hot Springs, Wyoming",30936
"Johnson, Wyoming",31691
"Laramie, Wyoming",32279
"Lincoln, Wyoming",31268
"Natrona, Wyoming",30785
"Niobrara, Wyoming",30182
"Park, Wyoming",31676
"Platte, Wyoming",30182
"Sheridan, Wyoming",32023
"Sublette, Wyoming",30469
"Sweetwater, Wyoming",31510
"Teton, Wyoming",38104
"Uinta, Wyoming",30469
"Washakie, Wyoming",30469
"Weston, Wyoming",32219
